Age,Gender,Weight (kg),Height (m),Max_BPM,Avg_BPM,Resting_BPM,Session_Duration (hours),Calories_Burned,Workout_Type,Fat_Percentage,Water_Intake (liters),Workout_Frequency (days/week),Experience_Level,BMI,Daily meals frequency,Physical exercise,Carbs,Proteins,Fats,Calories,meal_name,meal_type,diet_type,sugar_g,sodium_mg,cholesterol_mg,serving_size_g,cooking_method,prep_time_min,cook_time_min,rating,Name of Exercise,Sets,Reps,Benefit,Burns Calories (per 30 min),Target Muscle Group,Equipment Needed,Difficulty Level,Body Part,Type of Muscle,Workout,BMI_calc,cal_from_macros,pct_carbs,protein_per_kg,pct_HRR,pct_maxHR,cal_balance,lean_mass_kg,expected_burn,Burns Calories (per 30 min)_bc,Burns_Calories_Bin
34.91,Male,65.27,1.62,188.58,157.65,69.05,1,1080.9,Strength,26.8003771791868,1.5,3.99,2.01,24.87,2.99,0.01,267.68,106.05,71.63,1806,Grilled Vegan Lunch,Lunch,Vegan,31.77,1729.94,285.05,120.47,Grilled,16.24,110.79,1.31,Decline Push-ups,4.99,20.91,Improves shoulder health and posture,342.58,"Shoulders, Triceps",Cable Machine,Advanced,Legs,Lats,Dumbbell flyes,24.8704465782655,2139.59,0.500432325819433,1.62478933660181,0.741236509662846,0.835984727966911,725.1,47.7773938151448,685.16,7.26042543814202E+019,Medium
23.37,Female,56.41,1.55,179.43,131.75,73.18,1.37,1809.91,HIIT,27.6550209495582,1.9,4,2.01,23.48,3.01,0.97,214.32,85.41,56.97,1577,Fried Vegetarian Lunch,Lunch,Vegetarian,12.34,693.08,300.61,109.15,Fried,16.47,12.01,1.92,Bear Crawls,4.01,16.15,Strengthens lower abs,357.16,"Back, Core, Shoulders",Step or Box,Intermediate,Chest,Lats,Lateral raises,23.4797086368366,1711.65,0.50085005696258,1.51409324587839,0.551247058823529,0.734269631611213,-232.91,40.8098026823542,978.6184,1.02050570044361E+020,High
33.2,Female,58.98,1.67,175.04,123.95,54.96,0.91,802.26,Cardio,24.3208211241053,1.88,2.99,1.02,21.15,1.99,-0.02,246.04,98.11,65.48,1608,Boiled Paleo Breakfast,Breakfast,Paleo,42.81,2142.48,215.42,399.43,Boiled,54.35,6.09,4.7,Dips,5,21.9,Builds chest strength,359.63,"Quadriceps, Glutes",Step or Box,Intermediate,Arms,Grip Strength,Standing calf raises,21.148122915845,1965.92,0.50061040123708,1.66344523567311,0.574533644237175,0.708123857404022,805.74,44.6355797010027,654.5266,1.0796070881411E+020,High
38.69,Female,93.78,1.7,191.21,155.1,50.07,1.1,1450.79,HIIT,32.8135717860891,2.5,3.99,1.99,32.45,3,0.04,203.22,80.84,54.56,2657,Fried Paleo Lunch,Lunch,Paleo,9.34,123.2,9.7,314.31,Fried,27.73,103.72,4.85,Mountain Climbers,4.01,16.92,Improves coordination and cardiovascular health,351.65,"Biceps, Forearms",Parallel Bars or Chair,Advanced,Shoulders,Upper,Incline dumbbell flyes,32.4498269896194,1627.28,0.499532962981171,0.862017487737257,0.744154739974493,0.811150044453742,1206.21,63.0074323790057,773.63,8.98792115689906E+019,High
45.09,Male,52.42,1.88,193.58,152.88,70.84,1.08,1166.4,Strength,17.3073186033846,2.91,4,2,14.83,3,3,332.79,133.05,88.43,1470,Baked Vegan Breakfast,Breakfast,Vegan,23.78,1935.11,116.89,99.22,Baked,34.16,46.55,3.07,Bicep Curls,4.99,15.01,Targets obliques and improves core rotation,329.36,"Chest, Triceps",Wall,Advanced,Abs,Wrist Flexors,Military press,14.8313716613852,2659.23,0.500580995250505,2.53815337657383,0.668404758025094,0.789751007335468,303.6,43.3475035881058,711.4176,5.26468481991898E+019,Low
53.19,Female,105.05,1.84,176.52,130.6,61.84,0.69,453.33,Yoga,32.049064037735,2.91,3.02,1,31.03,2.99,-0.04,170.86,67.92,46.06,2767,Steamed Keto Snack,Snack,Keto,15.89,2382.39,36.38,416.54,Steamed,20.98,54.64,3.38,Leg Press,4,25.1,Builds explosive power,374.56,"Core, Obliques",Resistance Band or Cable Machine,Beginner,Arms,Wrist Flexors,Skull crushers,31.0284735349716,1369.66,0.498985149599171,0.646549262256069,0.599581444018137,0.739859506004985,2313.67,71.3824582283594,516.8928,1.50515947835082E+020,Very High
23.17,Male,58.41,1.78,184.75,140.9,58.01,1.67,1953.9,Strength,20.5462920052347,2.71,4.96,3,18.44,2.02,-0.03,280.33,112.35,74.97,1867,Fried Low-Carb Breakfast,Breakfast,Low-Carb,12.48,2220.46,56.69,289.93,Fried,52.43,46.08,3.81,Thrusters,5.01,25.04,Strengthens back and improves posture,328.94,Core,None or Dumbbells,Advanced,Shoulders,Wrist Flexors,Barbell rows,18.4351723267264,2245.45,0.499374290231357,1.92347200821777,0.654016095944453,0.762652232746955,-86.9000000000001,46.4089108397424,1098.6596,5.21010619370904E+019,Low
55.92,Female,84.07,1.63,183.87,141.12,51.79,1.01,727.81,Yoga,32.0881762070807,2.88,3.97,2.01,31.64,2.99,0,262.57,105.41,70.37,2191,Raw Low-Carb Snack,Snack,Low-Carb,2.87,1501.99,74.7,487.67,Raw,38.57,36.64,3.16,Turkish Get-ups,4.97,18.95,Improves core stability and upper body strength,363.56,"Back, Biceps",Pull-up Bar,Intermediate,Back,Lower,Hammer curl,31.6421393353156,2105.25,0.498886118038238,1.25383608897347,0.676332525741975,0.767498776309349,1463.19,57.0934702627073,734.3912,1.17984598180697E+020,Very High
24.11,Female,88.58,1.79,176.78,154.07,65.19,1.76,2062.37,Strength,27.3672457685546,3.49,4.01,3.02,27.65,3,0.02,173.08,69.44,45.91,2587,Boiled Vegan Lunch,Lunch,Vegan,0.72,293.36,188.26,123.56,Boiled,45.85,14.31,2.81,Glute Bridges,3.99,24.1,Full body workout,349.51,"Upper Chest, Triceps",Barbell,Beginner,Chest,Middle,Russian twists,27.6458287818732,1383.27,0.500495203394854,0.783924136373899,0.796487140424769,0.871535241543161,524.63,64.3380936982144,1230.2752,8.55076051981236E+019,High
39.19,Female,50.32,1.6,166.88,128.04,49.91,1.17,1157.25,Strength,21.9093791479325,2.49,2,1,19.66,3.01,0.02,191.06,76.76,50.71,1247,Grilled Paleo Lunch,Lunch,Paleo,50.02,757.93,291.34,415.04,Grilled,18.95,26.51,1.6,Step-ups,4.02,16.09,Builds chest strength,326.31,"Core, Lower Back",Low Bar or TRX,Intermediate,Forearms,Lower Chest,Towel pull-up,19.65625,1527.67,0.500265109611369,1.52543720190779,0.667949046764128,0.76725790987536,89.75,39.2952004127604,763.5654,4.87949387877931E+019,Low
50.51,Male,86.37,1.63,160.92,143.2,57.87,1.69,1974.26,Strength,29.0715284980497,3.49,4.01,2.98,32.51,3,0.02,258.98,102.72,68.72,2476,Baked Keto Breakfast,Breakfast,Keto,10,1356.53,170.61,270.38,Baked,41.73,119.53,2.54,Plank,4.99,17.03,Targets obliques and improves core rotation,356.2,"Lower Chest, Triceps",Wall,Intermediate,Abs,Triceps,Bicep Curls,32.5078098535888,2065.28,0.501588162379919,1.18930184091699,0.828044638524988,0.889883171762366,501.74,61.2609208362345,1203.956,9.98313524318345E+019,High
47.77,Female,83.89,1.82,176.36,148.74,69.91,1.91,2733.4,HIIT,23.6493181994169,3.51,5.02,3.01,25.33,3.01,0.01,231.16,93.27,61.23,2232,Grilled Keto Snack,Snack,Keto,11.88,323.04,135.18,393.39,Grilled,11.26,26.52,4.07,Pull-ups,4,20.97,Strengthens lower body,361.13,"Chest, Triceps",Dumbbells,Advanced,Shoulders,Quads,Face pulls,25.3260475787948,1848.79,0.500132519107092,1.11181308856836,0.740535462658525,0.843388523474711,-501.4,64.0505869625091,1379.5166,1.11694679531762E+020,Very High
19,Male,82.66,1.96,173.75,168.71,62.16,1.89,2700.62,HIIT,24.1287869189123,3.5,5.02,2.99,21.52,3.01,0.01,181.82,71.6,48.11,2569,Baked Vegan Dinner,Dinner,Vegan,30.3,80.98,210.51,239.19,Baked,10.14,116.47,2.91,Lunges,3.99,23.95,Isolates triceps,357.96,"Core, Shoulders, Hips",Bench or Sturdy Surface,Advanced,Abs,Lower Chest,Seated calf raises,21.5170762182424,1446.67,0.502726952242045,0.866198887007017,0.954834662604176,0.970992805755396,-131.62,62.7151447328271,1353.0888,1.03932882376513E+020,High
38.01,Female,57.67,1.56,184.91,132.43,54.04,1.64,2345.2,HIIT,26.5944311994061,2.71,5,3,23.7,3.98,2.99,369.71,147.77,98.38,1726,Grilled Low-Carb Breakfast,Breakfast,Low-Carb,35.84,131.07,244.36,471.47,Grilled,37.25,74.43,3.91,Turkish Get-ups,4.99,14.93,Builds unilateral leg strength and balance,338.54,"Lower Chest, Triceps",None or Dumbbells,Advanced,Shoulders,Triceps,Fat grip dumbbell curl,23.6974030243261,2955.34,0.500395893535092,2.56233743714236,0.598991365477191,0.716186252771619,-619.2,42.3329915273025,1110.4112,6.58994760553175E+019,Medium
27.39,Female,71.79,1.97,180.96,151.11,72.68,0.75,743.85,Strength,24.477762525784,3.59,3.01,1.02,18.5,3.01,0.02,207.16,82.59,55.08,2046,Roasted Low-Carb Lunch,Lunch,Low-Carb,16.18,674.45,127.06,306.18,Roasted,47.37,119.27,4.24,Plyo Squats,4,15.13,Improves core stability,356.83,"Shoulders, Triceps",Barbell,Advanced,Chest,Middle,Hammer curls,18.4982864799402,1654.72,0.500773544768904,1.15043877977434,0.724325821943111,0.835046419098143,1302.15,54.2174142827397,535.245,1.01282878269139E+020,High
18.86,Female,95.12,1.85,189.48,142.51,49.9,1.2,1293.84,Strength,28.0499281749438,2.3,4,1.98,27.79,2,0.96,298.25,118.86,79.54,2455,Raw Paleo Snack,Snack,Paleo,25.56,835.15,299.07,300.06,Raw,60.3,15.35,2.65,Squats,4.99,17.87,Improves core stability and balance,359.74,"Rear Deltoids, Upper Back",Resistance Band or Cable Machine,Advanced,Legs,Lower,Plate pinch,27.7925493060628,2384.3,0.50035649876274,1.24957947855341,0.663490471414243,0.752111040743086,1161.16,68.4389083199935,863.376,1.08230759975374E+020,High
40.36,Male,56.88,1.71,168.02,142.67,60.89,1.87,2189.58,Strength,21.8092648928351,2.69,5.02,3.01,19.45,1.98,0.01,192.66,76.8,51.19,1740,Raw Paleo Breakfast,Breakfast,Paleo,43.14,58.47,291.5,352.42,Raw,54.98,40.14,2.88,Frog Jumps,5,20.9,Strengthens back and improves posture,342.47,"Quadriceps, Hamstrings, Glutes",Bench or Sturdy Surface,Advanced,Forearms,Triceps,Donkey kicks,19.4521391197292,1538.55,0.500887198986058,1.35021097046414,0.763371604592551,0.849125104154267,-449.58,44.4748901289554,1280.8378,7.24140589603555E+019,Medium
37.14,Male,76.48,1.77,180.29,127.8,56.76,1.36,1305.6,Cardio,30.3007379149598,2.09,4,2,24.41,2.99,-0.02,233.62,92.99,62.41,2166,Steamed Low-Carb Breakfast,Breakfast,Low-Carb,27.8,434.36,271.65,370.94,Steamed,39.18,37.58,4.9,Step-ups,5,16.98,Improves balance and leg strength,356.98,"Quadriceps, Hamstrings, Glutes",Bench or Step,Beginner,Chest,Anterior,Decline dumbbell press,24.4118867502953,1868.13,0.500222147280971,1.21587343096234,0.575082975795353,0.708857951078817,860.4,53.3059956426388,970.9856,1.01631198231636E+020,High
18.93,Male,72.56,1.79,177.48,124.41,60.95,0.81,803.36,Strength,26.4051144035958,1.58,2.99,1.02,22.65,2.99,0.02,219.75,87.27,58.09,1802,Baked Vegetarian Lunch,Lunch,Vegetarian,5.03,1193.73,252.47,366.68,Baked,12.55,43.72,1.1,Lunges,4,25.07,Improves posture and strengthens upper back,332.12,"Chest, Triceps",Low Bar or TRX,Beginner,Legs,Wrist Flexors,Barbell curls,22.6459848319341,1750.89,0.50203039597005,1.20272877618523,0.544580794645156,0.700980392156863,998.64,53.4004489887509,538.0344,5.63599989652494E+019,Low
37.06,Female,73.04,1.74,188.15,140.95,65.11,1.04,1123.2,Strength,25.7854178127968,2.39,3,2,24.12,3.02,1,300.3,120.63,80.22,2038,Boiled Vegan Snack,Snack,Vegan,1.96,2075.74,21.79,229.67,Boiled,43.88,57.5,3.84,Decline Push-ups,4.98,22.86,Targets upper chest,333.67,"Shoulders, Upper Back",Cable Machine or Resistance Band,Beginner,Abs,Anterior,Dumbbell front raises,24.1247192495706,2405.7,0.499314128943759,1.65156078860898,0.616384915474642,0.749136327398352,914.8,54.2063308295332,694.0336,5.85444903914633E+019,Low
50.23,Female,86.72,1.63,160.86,143.17,58.08,1.7,1326,Yoga,29.1238520898239,3.51,4,3,32.64,3,-0.01,256.65,103.91,68.88,2212,Raw Balanced Breakfast,Breakfast,Balanced,10.7,1357.2,172.78,270.05,Raw,42,120,2.47,Prone Cobras,5,17.09,Strengthens back and legs,356.6,"Upper Chest, Triceps",Bench or Chair,Advanced,Chest,Posterior,Russian twists,32.6395423237608,2062.16,0.497827520657951,1.1982241697417,0.827884802490757,0.890028596294915,886,61.4637954677047,1212.44,1.00750823143186E+020,High
24.03,Female,88.29,1.79,177.55,153.6,65.23,1.76,1831.81,Cardio,26.7693540494346,3.48,4.01,3.01,27.56,2.99,-0.01,174.44,69.19,46.48,2410,Boiled Keto Lunch,Lunch,Keto,0.81,299.22,187.88,124.74,Boiled,45.62,15.41,2.76,Lat Pulldowns,3.99,23.85,Builds chest strength,350.66,"Core, Shoulders, Hips","Bench, Barbell",Intermediate,Back,Grip Strength,Leg raises,27.5553197465747,1392.84,0.500962063122828,0.783667459508438,0.786769943019943,0.865108420163334,578.19,64.6553373097542,1234.3232,8.78330359570227E+019,High
50.53,Male,57.01,1.91,184.12,131.58,68.07,1.09,1177.2,Strength,22.3925964432616,2.72,3.99,2,15.63,2.01,0,177.97,71.05,47.3,1510,Steamed Keto Lunch,Lunch,Keto,7.67,1250.31,138.48,220.52,Steamed,46.48,16.29,1.82,Prone Cobras,4.01,14.99,Strengthens lower body,360.04,Triceps,Kettlebell,Beginner,Forearms,Wrist Flexors,Barbell rows,15.6273128477838,1421.78,0.500696310258971,1.24627258375724,0.547264110297286,0.714642624375407,332.8,44.2439807676966,784.8872,1.0897027971169E+020,High
54.03,Female,87.22,1.76,188.72,157.91,68,1.48,1067.38,Yoga,28.4184994639426,3.39,3,2.02,28.16,3,0,296.87,118.4,79.38,2269,Fried Keto Lunch,Lunch,Keto,15.56,2425.23,235.02,353.93,Fried,25.41,66.78,2.67,Bear Crawls,5,16.88,Builds upper body strength,338.3,"Chest, Triceps",Cable Machine,Advanced,Chest,Middle,Skull crushers,28.1572830578512,2375.5,0.499886339717954,1.3574868149507,0.744781312127237,0.836742263671047,1201.62,62.4333847675493,1001.368,6.55188734639221E+019,Medium
25.11,Female,105.44,1.88,174.12,155.79,67.11,1.33,1277.86,Cardio,30.892571504734,2.28,2.99,2.01,29.83,4.02,0.02,198.29,79.79,52.85,3016,Raw Balanced Lunch,Lunch,Balanced,43.02,2092.8,254.4,466.3,Raw,50.18,36.63,3.97,Mountain Climbers,3.98,15.03,Builds explosive power,355.39,"Obliques, Core",Pull-up Bar,Beginner,Shoulders,Lower,Plate pinch,29.8325033952015,1587.97,0.499480468774599,0.756733687405159,0.828707597420802,0.894727773949001,1738.14,72.8668726054085,945.3374,9.79919594977665E+019,High
39.05,Male,102.34,1.94,192.28,133.68,50.01,0.9,792,Cardio,32.462858862877,2.41,3.01,1,27.19,3.02,-0.03,282.28,111.71,74.89,2624,Baked Vegan Lunch,Lunch,Vegan,9.88,434.89,2.84,459.96,Baked,30.6,105.57,1.9,Russian Twists,5.02,22,Builds shoulder width,368.66,Core,Resistance Band,Beginner,Forearms,Posterior,Bicycle crunches,27.1920501647359,2249.97,0.501837802281808,1.09155755325386,0.588107120264286,0.695236114000416,1832,69.1175102397317,663.588,1.32205454097363E+020,Very High
44.1,Female,89.6,1.99,192.1,135.01,58.1,1.4,1848,HIIT,23.0905232139209,2.02,4,2,22.63,2.99,1.04,321.28,128.81,85.61,2601,Raw Paleo Dinner,Dinner,Paleo,7.3,2434.23,249.77,96.89,Raw,59.95,49.69,1.91,Shoulder Press,4.99,14.99,Strengthens back and legs,339.35,"Chest, Triceps",Wall,Advanced,Back,Lower,Close-grip bench press,22.6256912704225,2570.85,0.499881362195383,1.43761160714286,0.573955223880597,0.702811035918792,753,68.9108912003269,950.18,6.71983797548303E+019,Medium
18.06,Male,58.56,1.61,174.64,150.33,70.81,1.9,2226.42,Strength,24.4969216626168,2.72,3.99,3.02,22.59,2.99,0.03,231.25,92.48,61.37,1549,Baked Low-Carb Snack,Snack,Low-Carb,30.58,276.74,266.46,269.54,Baked,59.07,21.53,1.99,Tricep Dips,4.99,24.98,Improves core stability and balance,334.26,"Back, Biceps",None or Dumbbells,Advanced,Arms,Anterior,Decline cable crossovers,22.5917209984183,1847.25,0.500744349709027,1.5792349726776,0.765867283058846,0.860799358680715,-677.42,44.2146026743716,1270.188,5.93953320478042E+019,Low
57.07,Female,76.9,1.86,173.05,140.94,55.07,1.15,827.31,Yoga,29.4394107088087,2.8,3.99,1.99,22.23,1.98,0,207.11,82.81,55.52,1981,Fried Vegetarian Breakfast,Breakfast,Vegetarian,4.58,365.77,281.74,161.5,Fried,7.91,66.82,4.15,Kettlebell Swings,3.99,16.01,Advanced core exercise,353.89,"Shoulders, Upper Back",Bench or Sturdy Surface,Beginner,Legs,Lats,Russian twists,22.2280032373685,1659.36,0.499252723941761,1.07685305591678,0.727835226309544,0.814446691707599,1153.69,54.2610931649261,813.947,9.46641082220783E+019,High
49.66,Male,52.57,1.84,195.03,124.28,51.7,1.38,1324.8,Cardio,14.8419756179219,3.1,4,2,15.53,3,-0.02,169.5,68.42,45.57,1497,Baked Paleo Snack,Snack,Paleo,41.73,2315.93,148.84,212.06,Baked,57.1,8.62,2.2,Resistance Band Pull-Aparts,5.01,16.02,Targets biceps and forearms,346.31,Full Body,Dumbbells,Beginner,Legs,Triceps,Hanging leg raises,15.5275283553875,1361.81,0.497866809613676,1.30150275822713,0.506383869392312,0.637235297133774,172.2,44.7675734176584,955.8156,7.93188208529749E+019,Medium
41.8,Male,59.72,1.74,194.24,141.17,51.86,1.78,2545.4,HIIT,19.4467030830301,2.7,5.01,3,19.73,3.01,-0.03,202.57,80.05,53.22,1741,Roasted Paleo Dinner,Dinner,Paleo,35.39,2121.96,204.6,433.04,Roasted,8.84,22.7,1.19,Tricep Extensions,5.01,15.88,Strengthens core and improves mobility,364.95,"Quadriceps, Glutes",Barbell,Beginner,Shoulders,Quads,Dumbbell flyes,19.7251948738275,1609.46,0.503448361562263,1.34042196918955,0.627265065318163,0.726781301482702,-804.4,48.1064289188144,1299.222,1.21720577929388E+020,Very High
37.51,Male,76.59,1.82,191.56,121.3,49.83,1.49,1072.8,Yoga,22.5755819385422,2.8,3.98,2,23.12,3.02,-0.02,188.66,76.42,50.28,1950,Roasted Balanced Lunch,Lunch,Balanced,2.81,2413.37,111.51,329.67,Roasted,39.77,61.64,2.4,Deadlifts,3.98,19.04,Improves back strength and posture,344.07,"Quadriceps, Calves, Glutes",Pull-up Bar,Beginner,Back,Grip Strength,Plate pinch,23.1222074628668,1512.84,0.498823404986648,0.997780389084737,0.504268679884287,0.633221967007726,877.2,59.2993617932705,1025.3286,7.52240881783283E+019,Medium
39.98,Male,79.99,1.76,167.75,166.6,74.26,1.63,1902.7,Strength,28.8304532313429,3.5,5.01,2.97,25.82,3.01,0.01,235.62,94.49,62.77,2030,Steamed Keto Dinner,Dinner,Keto,27.18,1259.35,186.37,484.4,Steamed,41.61,13.87,3.4,Dead Bugs,5.03,21.92,Builds lower body power,348.23,Triceps,Resistance Band,Beginner,Shoulders,Posterior,Leg raises,25.8232179752066,1885.37,0.499891268026966,1.18127265908239,0.987699219167825,0.993144560357675,127.3,56.9285204602488,1135.2298,8.29830195915096E+019,Medium
25.49,Female,127.55,1.73,167.12,159.98,62.04,1.33,1607.84,HIIT,35,2.91,3.02,1,42.62,2.99,-0.01,296.66,117.99,78.86,3313,Boiled Low-Carb Snack,Snack,Low-Carb,4,2351.97,119.73,379.38,Boiled,46.93,29.37,2.48,Frog Jumps,2.99,10.07,Builds shoulder width,130.05,"Core, Shoulders, Hips",Wall,Beginner,Arms,Triceps,Bird dog,42.6175281499549,2368.34,0.501042924580086,0.925049000392003,0.932051770079939,0.957276208712302,1705.16,82.9075,345.933,2.7039504324756E+016,Low
58.24,Female,56.96,1.7,170.09,121.89,57.07,0.74,895.4,HIIT,23.5650452462822,2.7,1.99,1,19.71,3,-0.01,205.31,83.24,55.37,1390,Roasted Low-Carb Dinner,Dinner,Low-Carb,8.38,1490.43,270.33,284.74,Roasted,48.63,89.23,3.01,Scissors Kicks,4.99,16.02,Strengthens core and improves mobility,357.81,"Shoulders, Upper Back",None or Dumbbells,Advanced,Forearms,Lats,Standing calf raises,19.7093425605536,1652.53,0.496959208002275,1.46137640449438,0.573526809414263,0.71662061261685,494.6,43.5373502277177,529.5588,1.035776448937E+020,High
48.18,Female,56.53,1.51,184.75,125.44,52.26,1.37,1311.91,Cardio,28.5076530922665,2.11,3.97,1.97,24.79,3,0.01,215.24,85.55,57.33,1489,Roasted Paleo Breakfast,Breakfast,Paleo,35.32,1707.76,53.01,130.6,Roasted,18.25,96.05,1.99,Plyometric Push-ups,5.02,23.09,Improves unilateral leg strength and balance,330.57,Lower Abs,"Bench, Barbell",Intermediate,Legs,Wrist Flexors,Dumbbell rows,24.7927722468313,1719.13,0.50081145695788,1.51335574031488,0.552343573099857,0.678971583220568,177.09,40.4146237069418,905.7618,5.42473964263443E+019,Low
27.19,Male,88.2,1.98,161.8,152.85,52.99,1.8,2577.96,HIIT,21.0470718017398,3.5,4.01,3.02,22.5,2.02,1,296.47,118.19,79.21,2531,Boiled Vegan Dinner,Dinner,Vegan,19.02,345.67,219.13,116.63,Boiled,31.19,13.76,4.42,Frog Jumps,4,23.96,Improves core stability and upper body strength,336.55,Lower Abs,Box or Platform,Advanced,Abs,Middle,Incline dumbbell press,22.4977043158861,2371.53,0.500048491901852,1.34002267573696,0.917746530649756,0.944684796044499,-46.96,69.6364826708655,1211.58,6.28014935796977E+019,Low
41.1,Female,77.05,1.79,171.94,132.06,56.07,1.4,1849.54,HIIT,25.7656340361891,2,4,2.01,24.05,2.99,0.02,291.2,115.86,77.53,2334,Roasted Paleo Snack,Snack,Paleo,22.78,790.39,88.06,392.68,Roasted,5.79,35.76,4.81,Leg Press,4,22.02,Builds calf muscles,331.76,"Legs, Shoulders, Core",Bench or Sturdy Surface,Advanced,Forearms,Wrist Flexors,Bent-over lateral raises,24.0473143784526,2326.01,0.500771707774257,1.50369889682025,0.655821178907396,0.76805862510178,484.46,57.1975789751163,928.928,5.58629963197612E+019,Low
52.36,Female,51.93,1.67,169,124.55,51.78,1.5,1818.3,HIIT,22.0592370284323,1.51,1.97,1.02,18.62,3.01,0.01,282.27,112.63,74.94,1353,Baked Paleo Dinner,Dinner,Paleo,29.84,1419.55,134.3,177.23,Baked,51.42,67.35,1.53,Bench Press,4.98,18,Targets lower abs,350.88,Shoulders,"Bench, Barbell",Intermediate,Shoulders,Anterior,Leg extensions,18.6202445408584,2254.06,0.500909470022981,2.16888118621221,0.620798498549736,0.73698224852071,-465.3,40.4746382111351,1052.64,8.82841723416885E+019,High
36.02,Female,109.87,1.77,191.11,156.06,73.76,1.19,786.11,Yoga,33.4256380760382,3.42,1.99,1.01,35.07,3,0.01,306.41,122.15,82.17,2728,Raw Vegetarian Snack,Snack,Vegetarian,46.88,2000.77,252.88,161.17,Raw,20.3,62.42,2.79,Inverted Rows,4,22.99,Strengthens shoulders,369.34,"Shoulders, Triceps",Resistance Band,Intermediate,Arms,Wrist Extensors,Face pulls,35.0697436879568,2453.77,0.499492617482486,1.11176845362701,0.701320835108649,0.816597770917273,1941.89,73.1452514458569,879.0292,1.34210863492362E+020,Very High
33.07,Male,102.83,1.75,185.94,140.25,52.91,1.4,1003.8,Yoga,29.9334762723605,2.21,3,1.95,33.58,3,-0.01,288.65,115.2,76.75,2657,Roasted Balanced Snack,Snack,Balanced,3.45,459.13,251.52,332.16,Roasted,36.93,92.96,3.1,Bench Press,4.03,21.02,Full body workout,363.78,"Lower Chest, Triceps",Cable Machine,Beginner,Chest,Lats,Dumbbell rows,33.5771428571429,2306.15,0.500661275285649,1.12029563356997,0.65654363677366,0.754275572765408,1653.2,72.0494063491317,1018.584,1.18569111824067E+020,Very High
37.35,Female,88.65,1.79,182.36,137.78,67.81,1.74,2490.11,HIIT,29.5974904993758,3.47,5.04,3.01,27.67,3.01,4,428.87,171.53,113.84,2621,Boiled Balanced Lunch,Lunch,Balanced,42.99,891.54,16.44,309.1,Boiled,28.96,42.46,1.1,Russian Twists,3.99,21.86,Combines lower body and upper body strength,373.65,"Chest, Triceps",Kettlebell,Beginner,Abs,Middle,Pull-ups,27.6676757903936,3426.16,0.500700492679852,1.93491257755217,0.610824967263204,0.755538495284054,130.89,62.4118246723033,1300.302,1.47554281174722E+020,Very High
21.24,Female,80.78,1.9,193.85,137.76,55.01,1.8,2575.98,HIIT,22.6918319466272,3.5,4.01,3.01,22.38,3.01,-0.01,162.37,63.98,42.89,2174,Baked Paleo Breakfast,Breakfast,Paleo,38.15,926.5,217.13,211.58,Baked,38.32,9.49,4.12,Russian Twists,5.01,17.95,Targets lower abs,355.67,"Upper Back, Rear Deltoids",None or Dumbbells,Beginner,Forearms,Middle,Military press,22.3767313019391,1291.41,0.502923161505641,0.792027729636049,0.596009795447998,0.710652566417333,-401.98,62.4495381535146,1280.412,9.86244052129226E+019,High
25.76,Female,70.53,1.5,182.39,142.14,53.94,1.15,1011.08,Cardio,30.9193189978941,2.6,1.97,1,31.35,3,-0.04,217.65,85.89,58.01,1839,Fried Paleo Snack,Snack,Paleo,4.67,2179.93,116.05,240.22,Fried,37.85,112.78,4.85,Seated Rows,5.01,21.05,Strengthens lower abs,368.91,"Back, Core, Shoulders",Cable Machine or Resistance Band,Intermediate,Legs,Upper,Pull-ups,31.3466666666667,1736.25,0.501425485961123,1.21777966822629,0.686648501362398,0.779319041614124,827.92,48.7226043107853,848.493,1.3293965745309E+020,Very High
40.09,Male,54.73,1.61,183.75,157.78,64.12,1.55,1209,Yoga,22.6097543913902,2.71,3.98,3,21.11,2,0.02,274.39,109.75,73.35,1549,Steamed Balanced Lunch,Lunch,Balanced,31.52,1792.05,43.21,315.25,Steamed,52.11,112.34,2.86,Calf Raises,4.99,18.01,Improves balance and leg strength,333.31,"Rear Deltoids, Upper Back",Kettlebell,Beginner,Chest,Triceps,Dumbbell rows,21.1141545465067,2196.71,0.499638095151385,2.00529873926549,0.782913984786425,0.858666666666667,340,42.3556814215922,1033.261,5.80306059253354E+019,Low
32.59,Male,52.75,1.66,190.86,128.92,71.91,1.26,1248.53,Strength,23.5655690936582,2.49,2.96,1.01,19.14,3.01,0,247.09,98.22,66.16,1446,Baked Vegetarian Dinner,Dinner,Vegetarian,2.48,107,201.6,143.15,Baked,9.95,42.06,4.78,Reverse Lunges,4,24.13,Targets obliques and improves core rotation,350.36,Lower Abs,Step or Box,Advanced,Back,Quads,Dumbbell rows,19.1428364058644,1976.68,0.500010117975596,1.86199052132701,0.479277007145859,0.675468930105837,197.47,40.3191623030953,882.9072,8.72211121502227E+019,High
52.62,Female,84.36,1.76,164.87,137.25,69.2,1.68,1308.38,Yoga,26.9016450377949,3.5,5.01,2.98,27.23,1.99,0.02,251.88,100.12,66.98,2285,Grilled Paleo Breakfast,Breakfast,Paleo,8.63,1561.45,81.35,146.05,Grilled,10.45,87.04,4.32,Russian Twists,4.01,22.96,Improves flexibility,351.92,Calves,Box or Platform,Beginner,Back,Posterior,Crunches,27.2339876033058,2010.82,0.501049323161695,1.18681839734471,0.71129925786558,0.832474070479772,976.62,61.6657722461162,1182.4512,9.04444714158298E+019,High
52.03,Female,59.98,1.71,169.37,151.06,58.16,1.24,1499.04,HIIT,21.9231615723552,2.02,2.97,1,20.51,2.04,-0.02,178.89,72.16,48.06,1648,Steamed Vegan Lunch,Lunch,Vegan,28.52,1033.56,161.98,423.53,Steamed,50.01,116.84,3.49,Plyo Squats,3,11.85,Improves posture and strengthens upper back,199.88,"Core, Shoulders, Hips",Resistance Band or Cable Machine,Advanced,Shoulders,Posterior,Decline dumbbell flyes,20.5122943811771,1436.74,0.49804418335955,1.20306768922974,0.83535653268591,0.891893487630631,148.96,46.8304876889013,495.7024,8.94444018062853E+017,Low
30.75,Female,76.83,1.62,174.06,127.01,73.99,1.39,999.97,Yoga,28.9754494022881,2.29,3.97,1.99,29.28,1.99,1.99,312.47,125.01,83.31,2268,Steamed Balanced Dinner,Dinner,Balanced,42.56,1154.1,83.18,467.17,Steamed,18.18,28.11,2.27,Wall Angels,4,17.11,Strengthens lower abs,345.11,"Shoulders, Upper Back",Box or Platform,Advanced,Chest,Lower Chest,Barbell curls,29.2752629172382,2499.71,0.500010001160135,1.62709878953534,0.529829119616269,0.729690911180053,1268.03,54.5681622242221,959.4058,7.71015303690784E+019,Medium
29.01,Male,58.43,1.61,197.67,121.65,72.05,1.2,1296,Strength,27.5459487252261,2.01,2.99,2,22.54,1.99,-0.01,220.02,87.44,58.56,1771,Baked Balanced Lunch,Lunch,Balanced,9.75,312.81,4.53,433.09,Baked,51.03,26.98,2.89,Mountain Climbers,4,16.03,Improves balance and coordination,350.76,"Core, Lower Back",Pull-up Bar,Advanced,Shoulders,Quads,Dumbbell curls,22.5415686123221,1756.88,0.500933472974819,1.49649152832449,0.394841585734756,0.615419638791926,475,42.3349021598504,841.824,8.80378464243041E+019,High
38.16,Female,44.9,1.68,193.25,143.88,57.92,1.01,1092.62,Strength,20.6683861208724,2.42,2.98,2.02,15.91,3,0.02,282.8,113.61,75.84,1242,Fried Vegan Breakfast,Breakfast,Vegan,12.42,1212.06,4.43,343.83,Fried,57.72,117.79,3.2,Tricep Extensions,3.98,17.95,Improves core stability and balance,338.1,"Triceps, Chest",Low Bar or TRX,Beginner,Legs,Posterior,Chest flyes,15.9084467120181,2268.2,0.498721453134644,2.53028953229399,0.635188058819183,0.744527813712807,149.38,35.6198946317283,682.962,6.52031802123018E+019,Medium
26.92,Male,87.68,1.63,182.88,135.14,73.97,1.75,2052.22,Strength,29.9004229501266,3.5,4.99,3.03,33,4.01,3.99,410.38,163.87,109.15,2558,Boiled Balanced Dinner,Dinner,Balanced,7.53,1514.17,99.7,108.68,Boiled,13.91,21.75,3.57,Step-ups,3.99,23.18,Improves hip power and cardiovascular fitness,372.07,"Chest, Triceps, Shoulders",None or Dumbbell,Advanced,Shoulders,Lats,Leg raises,33.0008656705183,3279.35,0.500562611493131,1.8689552919708,0.561656413552474,0.738954505686789,505.78,61.463309157329,1302.245,1.4253342479682E+020,Very High
58.04,Female,109.54,1.91,197.5,156.16,55.87,1.48,1065.6,Yoga,30.7297143891261,2.22,3.02,2,30.03,3.01,0,306.96,122.84,81.67,2956,Steamed Vegan Dinner,Dinner,Vegan,15.4,109.15,31.29,392.99,Steamed,7.55,62.15,1.9,Decline Push-ups,4.98,15.91,Improves unilateral leg strength and balance,357.61,"Upper Chest, Triceps",Pull-up Bar,Advanced,Back,Wrist Extensors,Leg curls,30.0265891834105,2454.23,0.500295408335812,1.12141683403323,0.708112687989833,0.790683544303798,1890.4,75.8786708581513,1058.5256,1.03105653296377E+020,High
50.13,Female,70.32,1.68,186.97,161.25,70.19,1.16,1147.36,Strength,29.2525297694493,2.51,1.98,1,24.91,3,0.02,298.86,119.65,80.16,1861,Baked Balanced Snack,Snack,Balanced,20.54,927.21,7.93,327.28,Baked,46.14,62.35,1.37,Prone Cobras,2.99,11.87,Targets lower chest,259.05,"Upper Chest, Triceps",None or Dumbbells,Intermediate,Chest,Posterior,Triceps dips,24.9149659863946,2395.48,0.499039858399987,1.70150739476678,0.779756807672547,0.86243782424988,713.64,49.7496210661232,600.996,7.41320319230946E+018,Low
18.77,Male,60.51,1.59,183.97,127.79,53.03,1.15,1012.92,Cardio,27.3023672798714,2.21,2.04,1.01,23.93,1.99,-0.05,201.97,81.36,54.63,1615,Steamed Balanced Snack,Snack,Balanced,37.38,1822.76,267.53,491.62,Steamed,40.1,109.75,2,Shoulder Press,2.99,8.11,Targets biceps and forearms,249.64,Calves,Cable Machine,Advanced,Chest,Anterior,Concentration curls,23.934970926783,1624.99,0.497159982522969,1.34457114526525,0.570948526042462,0.694624123498397,602.08,43.9893375589498,574.172,5.48132979083648E+018,Low
28.33,Female,69.13,1.58,181.99,134.58,49.9,1.49,1073.69,Yoga,28.5090264675763,2,2.98,2.01,27.69,3,1.01,254.78,101.9,68.03,1995,Grilled Vegan Breakfast,Breakfast,Vegan,2.95,1377.13,153.72,205.51,Grilled,35.01,22.14,4.72,Push-ups,5,24,Builds explosive power,335.25,"Lower Abs, Hip Flexors",Dumbbells,Beginner,Abs,Middle,Dumbbell flyes,27.6918763018747,2038.99,0.499816085414838,1.47403442788948,0.641078052842759,0.739491180834112,921.31,49.4217100029645,999.045,6.08474234122258E+019,Low
31.96,Male,97.49,1.96,188.46,137.25,49.93,1.36,1467.58,Strength,26.502290685568,3.4,3.01,1.99,25.38,3,0.98,276.79,109.74,73.73,2502,Boiled Keto Snack,Snack,Keto,12.48,158.78,216.12,401.47,Boiled,7.09,5.58,4.41,Squats,5.01,18.99,Improves cardiovascular fitness,371.13,"Shoulders, Upper Back",Bench or Chair,Beginner,Abs,Lats,Decline dumbbell press,25.3774468971262,2209.69,0.501047658268807,1.12565391322187,0.63033277990327,0.728271251193887,1034.42,71.6529168106397,1009.4736,1.39618044535352E+020,Very High
38.76,Male,85.97,1.82,191.07,160.06,72.1,1.96,2807.11,HIIT,28.1483849681787,3.5,5.03,3.02,25.95,3,3,250.06,99.54,66.37,2466,Raw Keto Lunch,Lunch,Keto,31.49,967.13,195.57,416.48,Raw,58.1,33.96,3.8,Box Jumps,4.99,16.07,Strengthens lower abs and hip flexors,340.61,"Full Body, Core, Shoulders",Bench or Step,Intermediate,Abs,Upper,Plate pinch,25.9539910638812,1995.73,0.501190040736974,1.15784576014889,0.739346053626965,0.837703459465118,-341.11,61.7708334428568,1335.1912,6.92635873637458E+019,Medium
36.52,Male,56,1.57,182.37,123.02,52.99,0.97,961.17,Strength,28.3735583653819,2.42,2.02,1.01,22.72,2.01,1,208.63,83.47,54.99,1433,Roasted Low-Carb Breakfast,Breakfast,Low-Carb,20.37,2001.7,222.22,239.06,Roasted,8.77,23,2.2,Rows,4.01,25.05,Improves posture and back strength,340.72,"Upper Back, Rear Deltoids",None or Dumbbells,Advanced,Chest,Middle,Wrist extension,22.7189744005842,1663.31,0.501722469052672,1.49053571428571,0.541273767197403,0.674562702198827,471.83,40.1108073153862,660.9968,6.9446499745714E+019,Medium
52.85,Male,47.69,1.76,163.96,149.27,74.17,1.06,1399.2,HIIT,19.1198656542754,1.5,3.99,2,15.4,4.01,0.01,295.15,118.76,79.09,1410,Raw Vegan Snack,Snack,Vegan,30.5,1682.65,149.42,273.04,Raw,51.66,118.42,3.69,Kettlebell Swings,5.02,17.11,Improves lower back strength,344.91,"Chest, Triceps, Shoulders",Bench or Chair,Beginner,Back,Grip Strength,Lateral raises,15.3957902892562,2367.45,0.498680014361444,2.49024952820298,0.836396035193229,0.910404976823616,10.8,38.5717360694761,731.2092,7.67373221907265E+019,Medium
18,Female,62.43,1.59,190.02,161.38,50.38,1.23,1180.8,Cardio,26.6358117303967,2.18,4.01,2,24.69,3.01,0,217.52,86.76,58.54,1857,Baked Keto Lunch,Lunch,Keto,15.12,1253.85,212.37,295.27,Baked,53.46,106.89,2.16,Kettlebell Swings,5,17.97,Builds calf muscles,341.52,"Chest, Triceps",Resistance Band or Cable Machine,Beginner,Shoulders,Wrist Extensors,Preacher curls,24.6944345555951,1743.98,0.498904803954174,1.38971648246036,0.794901174448582,0.849279023260709,676.2,45.8012627367134,840.1392,7.07895779919875E+019,Medium
36.85,Male,76.15,1.82,191.78,120.66,50.15,1.49,1431.59,Cardio,26.7087075656934,2.8,3.98,2.01,22.99,3.02,0.03,190.36,76.31,50.8,1891,Grilled Vegan Snack,Snack,Vegan,2.45,2418.4,109.9,331.8,Grilled,39.98,60.13,2.42,Seated Rows,4.02,18.95,Strengthens triceps and chest,343.73,"Quadriceps, Hamstrings, Glutes",Barbell,Beginner,Abs,Wrist Extensors,Triceps dips,22.9893732640985,1523.88,0.499671890175079,1.00210111621799,0.497846501447433,0.629158410678903,459.41,55.8113191887245,1024.3154,7.46190769264532E+019,Medium
18.8,Female,127.92,1.92,184.44,168.17,69.96,1.26,1211.62,Cardio,32.1374824418668,3,3.99,2.02,34.7,2.99,0,233.71,93.24,61.85,3376,Steamed Paleo Breakfast,Breakfast,Paleo,17.72,2486.74,265.81,211.02,Steamed,40.98,19.66,1.81,Calf Raises,4.01,16.91,Builds explosive power,342.75,Core,Pull-up Bar,Beginner,Abs,Quads,Barbell curls,34.7005208333333,1864.45,0.501402558395237,0.728893058161351,0.857879105520615,0.911787031012796,2164.38,86.809732460364,863.73,7.28990554272815E+019,Medium
24.11,Male,58.82,1.76,189.09,129.86,72.93,0.63,415.42,Yoga,23.0421999447888,1.69,3.04,1,18.99,2.99,4,296.4,119.17,79.57,1760,Roasted Vegetarian Snack,Snack,Vegetarian,6.13,899.07,125.65,396.65,Roasted,58.11,95.88,4.02,Calf Raises,5,21.06,Improves balance and coordination,339.54,"Upper Back, Rear Deltoids",Bench or Chair,Advanced,Abs,Lateral,Concentration curls,18.9888946280992,2378.41,0.498484281515803,2.02601156069364,0.490099862258953,0.686762917129409,1344.58,45.2665779924753,427.8204,6.75062953462978E+019,Medium
41.04,Female,82.17,1.66,176.8,138.34,74.12,1.98,2060.78,Cardio,30.2847765795307,3.5,4.99,3.01,29.82,3.99,2.02,265.42,106.58,71.22,2327,Roasted Vegan Snack,Snack,Vegan,45.23,591.33,78.78,222.77,Roasted,27.89,5.72,3.1,Dragon Flags,4.01,14.98,Builds explosive upper body power,346.59,"Upper Back, Rear Deltoids",Resistance Band or Cable Machine,Beginner,Shoulders,Wrist Flexors,Leg curls,29.8192771084337,2128.98,0.498680119118075,1.2970670561032,0.625438254772108,0.782466063348416,266.22,57.2849990845996,1372.4964,7.98441716232852E+019,Medium
28.23,Male,79.51,1.59,180.81,130.24,54.05,1.48,1950.34,HIIT,32.3757224843065,1.51,3.02,1.98,31.45,1.98,0.06,207.92,83.89,56.62,2204,Raw Paleo Lunch,Lunch,Paleo,17.69,163.98,175.8,289.93,Raw,10.4,95.71,1.51,Dead Bugs,5,16.05,Builds calf muscles,359.58,"Core, Shoulders, Legs",Parallel Bars or Chair,Intermediate,Legs,Anterior,Triceps dips,31.4504964202365,1676.82,0.49598645054329,1.05508741038863,0.601057115809404,0.720314141916929,253.66,53.7680630527279,1064.3568,1.07838153970037E+020,High
53.32,Female,55.68,1.55,170.93,140.91,53.96,1.13,814.28,Yoga,23.8028803561419,1.8,3.98,2.01,23.18,2.02,0,218.11,86.97,57.62,1686,Boiled Vegetarian Snack,Snack,Vegetarian,39.62,1265.94,117.13,208.38,Boiled,39.11,9.17,1.67,Glute Bridges,5,23.99,Targets upper chest,331.29,"Core, Obliques",Bench or Step,Advanced,Arms,Lower Chest,Plate pinch,23.1758584807492,1738.9,0.501719477830813,1.56196120689655,0.743352996494828,0.824372550166735,871.72,42.4265562177002,748.7154,5.52199249354519E+019,Low
43.07,Male,66.62,1.85,169.95,121.09,58.27,1.18,1038.4,Cardio,20.6255494613894,3.2,1.98,1,19.47,2.99,1.01,294.52,116.97,78.33,1625,Grilled Paleo Dinner,Dinner,Paleo,18.37,2220.22,103.57,440.52,Grilled,11.29,69.08,1.42,Calf Raises,5.01,23.97,Targets upper chest,368.93,"Lower Back, Glutes",Resistance Band or Cable Machine,Intermediate,Shoulders,Grip Strength,Incline cable crossovers,19.4653031409788,2350.93,0.501112325760444,1.75577904533173,0.5625,0.712503677552221,586.6,52.8792589488224,870.6748,1.32998548059455E+020,Very High
26.92,Male,103.9,1.68,162.06,134.87,61.98,1.29,1239.43,Cardio,34.3307408587108,3.48,3.03,2.01,36.81,4.01,2.02,303.62,121.46,81.55,2877,Fried Balanced Snack,Snack,Balanced,46.8,873.33,259.53,299.74,Fried,17.03,22.53,2.17,Inverted Rows,3.98,15.07,Improves shoulder health and posture,351.72,"Quadriceps, Calves, Glutes",Barbell,Intermediate,Forearms,Posterior,Hammer curl,36.812641723356,2434.27,0.498909323945166,1.16900866217517,0.728317346123102,0.832222633592497,1637.57,68.2303602477995,907.4376,9.00254617854684E+019,High
41.29,Male,43.56,1.77,181.94,165.14,58.1,1.2,792.72,Yoga,18.5509351622574,1.6,3.01,1.01,13.9,2,0.01,275.13,111.49,74.23,1264,Roasted Keto Snack,Snack,Keto,47.45,334.13,293.4,465.82,Roasted,16.11,80.32,1.8,Plyo Squats,2.99,12.03,Builds back strength,164.77,"Upper Chest, Triceps",Step or Box,Advanced,Shoulders,Lower,Bicep Curls,13.9040505601839,2214.55,0.496949718904518,2.55945821854913,0.864341085271318,0.907661866549412,471.28,35.4792126433207,395.448,1.85402185161885E+017,Low
19.32,Male,73.18,1.79,177.33,124.77,60.96,0.82,541.2,Yoga,21.1068527879589,1.62,2.98,1,22.84,3,-0.03,218.96,88.29,58.24,2062,Boiled Vegetarian Breakfast,Breakfast,Vegetarian,5.17,1170.78,248.88,364.25,Boiled,11.84,43.9,1.14,Bicycle Crunches,4.01,24.97,Targets lower abs,332.18,"Core, Lower Back",Low Bar or TRX,Advanced,Abs,Triceps,Concentration curls,22.8394869073999,1753.16,0.499577905040042,1.20647717955726,0.548337200309358,0.703603451192692,1520.8,57.7340051297717,544.7752,5.64432090418408E+019,Low
30,Male,51.78,1.74,174.2,150.11,64.2,1.09,784.8,Yoga,24.9256486379125,2,3,2,17.1,2.98,0.05,237.92,94.96,62.69,1524,Baked Balanced Breakfast,Breakfast,Balanced,7.87,2292.03,38.56,496.8,Baked,35.78,104.36,1.67,Thrusters,4.98,15.99,Targets obliques and improves core rotation,332.85,"Legs, Shoulders, Core",Pull-up Bar,Intermediate,Chest,Upper,Bird dog,17.1026555687673,1895.73,0.502012417380112,1.83391270760912,0.781,0.861710677382319,739.2,38.8734991352889,725.613,5.73797412785437E+019,Low
51.69,Female,70.91,1.72,193.87,143.13,65.98,1.31,1732.08,HIIT,27.3307502469297,2.61,3,2.02,23.97,2.99,0.02,231.65,92.08,61.08,1946,Raw Keto Dinner,Dinner,Keto,18.94,289.93,234.47,152.4,Raw,22.77,94.62,1.32,Russian Twists,5,18.95,Enhances full-body coordination and stability,335.2,"Shoulders, Triceps",None or Dumbbell,Beginner,Arms,Lower Chest,Barbell hip thrusts,23.9690373174689,1844.64,0.502320235926793,1.29854745451981,0.603252795371022,0.738278227678341,213.92,51.5297649999021,878.224,6.07733451461244E+019,Low
21.87,Female,51.25,1.59,196.92,139.06,66.12,1.28,1382.4,Strength,24.9171115056995,1.8,3.07,2,20.27,3,-0.01,201.46,79.89,53.95,1252,Boiled Paleo Lunch,Lunch,Paleo,37.21,1836.59,17.25,304,Boiled,43.33,15.17,3.24,Pull-ups,5,21.98,Targets lower abs,331.62,"Back, Core, Shoulders",Bench or Chair,Beginner,Shoulders,Quads,Leg curls,20.2721411336577,1610.95,0.500226574381576,1.55882926829268,0.557645259938838,0.706175096485883,-130.4,38.479980353329,848.9472,5.56707591753541E+019,Low
45.59,Male,48.5,1.64,167.88,159.47,67.08,1.25,1352.25,Strength,26.8356565700273,2.48,4.01,2.02,18.03,3,-0.02,219.37,87.46,58.36,1372,Grilled Low-Carb Snack,Snack,Low-Carb,25.53,2341.19,54.08,370.22,Grilled,8.55,21.18,2.48,Flutter Kicks,5,24.9,Improves core stability and balance,348.02,"Shoulders, Upper Back",Cable Machine,Beginner,Arms,Lateral,Hammer curls,18.0324211778703,1752.56,0.500684712648925,1.80329896907216,0.91656746031746,0.949904693828925,19.75,35.4847065635368,870.05,8.25751407395611E+019,Medium
25.05,Female,64.4,1.71,179,167.15,60.91,1.12,1355.2,HIIT,21.370673578146,1.79,3,1,22.02,3,-0.04,208.82,82.8,55.86,1688,Baked Paleo Lunch,Lunch,Paleo,7.31,1430.32,110.17,208.07,Baked,57.05,71.78,3.2,Shoulder Press,5,14.95,Targets biceps and forearms,340.71,"Triceps, Chest",Dumbbells,Intermediate,Legs,Upper,Leg raises,22.023870592661,1669.22,0.50040138507806,1.28571428571429,0.899652807180964,0.933798882681564,332.8,50.637286215674,763.1904,6.94298538420982E+019,Medium
54.23,Female,50.32,1.61,187.99,156.71,66.74,1.49,1806.18,HIIT,24.7582543483859,2.69,1.98,1.02,19.41,2,0.99,312.49,124.84,83.15,1231,Boiled Low-Carb Breakfast,Breakfast,Low-Carb,26.3,1202.2,159.34,457.51,Boiled,13.68,64.02,1.52,Bulgarian Split Squats,3,9.9,Improves core stability and balance,289.17,"Shoulders, Triceps",Bench or Step,Advanced,Forearms,Wrist Flexors,Cable crossovers,19.4128312950889,2497.67,0.500450419791246,2.48092209856916,0.742020618556701,0.833608170647375,-575.18,37.8616464118922,861.7266,1.81925832439989E+019,Low
36.43,Male,69.06,1.65,165.01,126.3,65.04,1.23,810.32,Yoga,26.6521134151114,2.71,2.99,1,25.37,2.01,0.02,256.16,101.94,68.39,1920,Steamed Vegan Snack,Snack,Vegan,10.49,110.61,36.86,446.8,Steamed,51.43,36.53,1.57,Lat Pulldowns,4.01,14.86,Builds explosive power,341.94,"Upper Chest, Triceps",Dumbbells,Advanced,Chest,Lateral,Decline cable crossovers,25.366391184573,2047.91,0.500334487355401,1.4761077324066,0.612783835150545,0.765408157081389,1109.68,50.6540504755241,841.1724,7.15037804200716E+019,Medium
47.62,Male,68.77,1.74,160.09,167.14,58.16,1.48,1597.07,Strength,21.5106343104368,2.31,2.98,1.99,22.71,3.02,4.02,308.94,122.86,82.31,1807,Steamed Vegetarian Lunch,Lunch,Vegetarian,48.61,1481.7,207.27,254.27,Steamed,43.6,93.8,3.77,Russian Twists,4,17.1,Builds upper body strength,361.66,"Core, Obliques",None or Dumbbell,Advanced,Chest,Wrist Flexors,Leg raises,22.7143612101995,2467.99,0.500715156868545,1.78653482623237,1.06916511331306,1.04403772877756,209.93,53.9771367847126,1070.5136,1.13040860446804E+020,Very High
37.42,Male,102.84,1.89,175.12,167.81,56.74,0.54,356.08,Yoga,30.9924573760317,3.08,1.96,1,28.79,1.98,1.01,285.22,114.39,76.12,2633,Roasted Vegetarian Dinner,Dinner,Vegetarian,27.64,410.25,0.76,207.58,Roasted,38.16,102.82,4.59,Step-ups,4.99,18,Improves cardiovascular fitness,365.45,Quadriceps,Dumbbells,Beginner,Legs,Lateral,Leg raises,28.7897875199463,2283.52,0.499614630044843,1.11231038506418,0.93824970434195,0.95825719506624,2276.92,70.967356834489,394.686,1.23089629608924E+020,Very High
32.14,Female,49.31,1.62,167.05,158.16,74.06,1.18,1556.3,HIIT,19.8628513836909,2.5,3,1.99,18.79,3.02,-0.01,247.43,99.43,66.25,1346,Boiled Vegan Breakfast,Breakfast,Vegan,25.22,302.42,60.58,386.82,Boiled,35.84,85.38,4.89,Superman,5,22.09,Builds unilateral leg strength,330.85,"Glutes, Hamstrings, Core",Cable Machine,Intermediate,Abs,Posterior,Pull-ups,18.7890565462582,1983.69,0.498928764070999,2.01642668829852,0.904398322400258,0.946782400478898,-210.3,39.515627982702,780.806,5.46238001181022E+019,Low
30.09,Male,61.25,1.55,172.15,120.14,52.21,1.3,1405.17,Strength,27.7959148408018,1.62,2.99,2.01,25.49,2.99,-0.01,197.25,79.67,52.71,1620,Raw Vegan Breakfast,Breakfast,Vegan,44.27,1611.08,220.14,467.87,Raw,8.14,71.67,4.61,Resistance Band Pull-Aparts,4,24.9,Improves balance and leg strength,362.51,"Legs, Shoulders, Core",Pull-up Bar,Beginner,Forearms,Grip Strength,Fat grip dumbbell curl,25.4942767950052,1582.07,0.498713710518498,1.30073469387755,0.566366516591629,0.697879756026721,214.83,44.2250021600089,942.526,1.15229580926286E+020,Very High
55.87,Female,58.91,1.56,181.73,155.5,57.19,1.26,1665.97,HIIT,24.3043866538329,2.62,3.99,2.02,24.21,3.01,-0.01,302.69,122.1,80.96,1689,Steamed Vegetarian Breakfast,Breakfast,Vegetarian,9.46,1471,113.25,339.06,Steamed,56.43,21.2,1.69,Dragon Flags,3,10.1,Builds back strength,175.21,"Legs, Core",Bench or Step,Beginner,Shoulders,Lower Chest,Face pulls,24.206936226167,2427.8,0.498706647994069,2.0726531997963,0.789384936566565,0.855664997523799,23.03,44.592285822227,441.5292,3.05770837399292E+017,Low
27.59,Female,86.65,1.76,197.18,121.27,60.07,1.21,1160.63,Cardio,32.3771806622432,3.49,3.02,1.99,27.97,3,2.02,276.43,109.4,73.46,2403,Baked Low-Carb Dinner,Dinner,Low-Carb,10.22,647.8,50.9,401.23,Baked,10.81,93.57,2.82,Plyometric Push-ups,3.99,21.93,Builds unilateral leg strength,343.48,Full Body,Step or Box,Advanced,Chest,Triceps,Hammer curl,27.9732696280992,2204.46,0.50158315415113,1.26255049047894,0.446356939683466,0.615021807485546,1242.37,58.5951729561663,831.2216,7.41769452691332E+019,Medium
41.88,Male,76.57,1.97,165.42,157.38,65.05,1.14,1095.31,Cardio,25.5220521807325,2.61,2.98,2.01,19.73,4.01,-0.01,194.99,78.38,51.54,2220,Baked Low-Carb Breakfast,Breakfast,Low-Carb,24.87,1837.75,154.3,223.84,Baked,57.06,91.42,2.81,Flutter Kicks,4,16.83,Activates and strengthens glutes,348.56,"Legs, Core",None or Dumbbells,Beginner,Chest,Lateral,Dumbbell flyes,19.7299595454663,1557.34,0.500828335495139,1.0236385007183,0.919896383381489,0.951396445411679,1124.69,57.0277646452131,794.7168,8.36275460863264E+019,Medium
34.01,Female,111.91,1.85,162.08,133.87,65.77,1.17,842.4,Yoga,33.8338844815787,3.57,3.97,2,32.7,2,0.98,284.57,112.18,75.28,3011,Boiled Paleo Dinner,Dinner,Paleo,48.61,1466.23,208.01,151.66,Boiled,51.82,73.43,4.11,Incline Push-ups,3.99,14.76,Targets biceps and forearms,350.32,"Core, Lower Back",Low Bar or TRX,Advanced,Forearms,Lower Chest,Plate pinch,32.6983199415632,2264.52,0.502658400014131,1.00241265302475,0.707091683106635,0.825950148075025,2168.6,74.0464998766653,819.7488,8.71398057701306E+019,High
42.77,Female,55.56,1.73,166.98,165.32,61.88,1.68,1964.09,Strength,22.0345927237469,2.7,4.98,2.99,18.56,3.02,1.01,302.12,121.29,80.75,1440,Roasted Low-Carb Snack,Snack,Low-Carb,15.47,82.94,231.1,415.57,Roasted,34.02,42.96,3.26,Decline Push-ups,4.99,25.12,Improves unilateral leg strength and balance,327.6,Triceps,None or Dumbbell,Beginner,Chest,Wrist Flexors,Dumbbell curls,18.5639346453273,2420.39,0.499291436504034,2.18304535637149,0.984205518553758,0.990058689663433,-524.09,43.3175802826862,1100.736,5.03928018391978E+019,Low
45.12,Male,89.7,1.81,177.87,152.68,69.95,1.69,1977.3,Strength,24.7992139360285,3.5,5,3,27.38,4.03,-0.01,283.6,113.15,75.36,2638,Roasted Keto Dinner,Dinner,Keto,20.67,216.65,120.99,456.83,Roasted,29.39,37.88,3.09,Tricep Dips,3.98,14.87,Combines lower body and upper body strength,355.44,"Upper Chest, Triceps",Step or Box,Beginner,Back,Lower Chest,Lateral raises,27.3801166020573,2265.24,0.500785788702301,1.26142697881828,0.766586360266864,0.858379715522573,660.7,67.4551050993824,1201.3872,9.81046343896409E+019,High
18.85,Female,85.21,1.85,194.9,156.16,61.86,1.66,1940.71,Strength,27.5020510369195,3.49,4.04,2.99,24.9,2.99,0.02,314.61,125.15,83.93,2440,Steamed Low-Carb Dinner,Dinner,Low-Carb,17.31,265.95,148.9,122.61,Steamed,11.21,91.02,1.09,Lat Pulldowns,5.01,17.08,Improves lower back strength,363.72,"Glutes, Hamstrings, Core",Kettlebell,Advanced,Legs,Quads,Bent-over lateral raises,24.8970051132213,2514.41,0.500491168902446,1.4687243281305,0.708809380637402,0.801231400718317,499.29,61.7755023114409,1207.5504,1.1840944743787E+020,Very High
52.28,Male,82.15,1.72,166.27,136.96,52.79,1.02,979.2,Cardio,26.2398980158687,2.73,4.02,2,27.77,3,0,222.12,88.64,59.16,2206,Boiled Vegetarian Dinner,Dinner,Vegetarian,6.77,1175.8,243.98,420.87,Boiled,28,119.78,4.53,Renegade Rows,4,17,Improves back strength and posture,342.13,"Shoulders, Upper Back",Barbell,Intermediate,Back,Upper,Face pulls,27.7683883180097,1775.48,0.500416788699394,1.07900182592818,0.741716602044413,0.823720454682144,1226.8,60.5939237799639,697.9452,7.18289447570882E+019,Medium
20.31,Female,76.43,1.62,168.27,132.17,50.8,1.36,1305.6,Cardio,29.3955782787049,2.61,3.99,2,29.12,2.01,0.99,200.77,80.5,53.3,2094,Steamed Low-Carb Snack,Snack,Low-Carb,33.32,1035.88,222.9,462.67,Steamed,22.48,45.58,4.41,Rows,4,23,Improves lower back strength,331.98,"Biceps, Forearms",Parallel Bars or Chair,Advanced,Chest,Middle,Bent-over lateral raises,29.1228471269624,1604.78,0.500429965478134,1.05325134109643,0.692687494679493,0.785463837879598,788.4,53.9629595215859,902.9856,5.61662608035727E+019,Low
35.1,Male,43.89,1.62,196.15,157.36,65.15,0.57,689.7,HIIT,18.7000119957034,2,2.02,1,16.72,1.97,0.03,170.94,68.59,46.07,1281,Fried Keto Snack,Snack,Keto,42.34,1366.95,84.82,472.09,Fried,47.26,18.72,4.26,Tricep Extensions,4,20.02,Builds back strength,337.14,"Lower Back, Glutes",Dumbbells or Barbell,Beginner,Arms,Lats,Hammer curls,16.7238225880201,1372.75,0.498095064651248,1.56277056277056,0.703893129770992,0.802243181238848,591.3,35.6825647350858,384.3396,6.37063670321474E+019,Low
32.61,Female,46.15,1.9,193.01,143.34,50.01,1.45,1920.38,HIIT,15.5716175685725,2.91,2.96,2.04,12.78,3.01,-0.01,178.08,71.33,47.78,1252,Steamed Paleo Dinner,Dinner,Paleo,15.43,2295.69,31.17,376.28,Steamed,46.07,86.01,3.68,Thrusters,4,24.04,Improves flexibility,337.67,"Obliques, Core",Barbell,Beginner,Chest,Posterior,Concentration curls,12.7839335180055,1427.66,0.49894232520348,1.54561213434453,0.652657342657343,0.74265582094192,-668.38,38.9636984921038,979.243,6.45289581647606E+019,Medium
32.36,Male,84.33,1.74,195.34,126.35,63.02,1.46,962.72,Yoga,28.4538959218514,2.1,2.99,1,27.85,3.02,0.01,184.84,73.95,49.16,2210,Roasted Vegan Lunch,Lunch,Vegan,38.84,862.96,30.15,383.47,Roasted,17.81,17,2.92,Pull-ups,4,19.03,Targets upper chest,362.42,"Full Body, Core, Shoulders",None or Dumbbells,Advanced,Arms,Lower Chest,Hammer curl,27.8537455410226,1477.6,0.500378992961559,0.876912130914266,0.478612454655381,0.646820927613392,1247.28,60.3348295691028,1058.2664,1.14996086443824E+020,Very High
29.82,Female,121.23,2,179.01,160.07,59.86,1.25,903,Yoga,25.8928148329112,3.33,3.99,2.04,30.31,3.01,0.01,241.12,96.32,64.31,3333,Grilled Keto Breakfast,Breakfast,Keto,40.46,2374.22,151.04,283.24,Grilled,41.52,27.26,4.6,Squats,4.98,20.95,Targets biceps and forearms,349.74,"Upper Back, Rear Deltoids",Resistance Band,Beginner,Shoulders,Lower,Bent-over rows,30.3075,1928.55,0.500106297477379,0.794522807885837,0.841040704993705,0.894195854980169,2430,89.8401405780618,874.35,8.59683179078345E+019,High
33.47,Male,64.49,1.63,185.92,120.19,73.86,1.57,2245.1,HIIT,22.6745118568497,2.69,5,3,24.27,3.99,0.04,246.03,97.66,65.39,1803,Boiled Keto Dinner,Dinner,Keto,27.28,1453.69,68.61,306.8,Boiled,53.3,35.84,2.09,Box Jumps,4.01,19.91,Enhances full-body coordination and stability,337.23,"Lower Back, Glutes",Kettlebell,Beginner,Legs,Lower Chest,Romanian deadlifts,24.2726485754074,1963.27,0.501265745414538,1.51434330904016,0.413439228984473,0.646460843373494,-442.1,49.8672073035176,1058.9022,6.38453999362378E+019,Low
53.67,Male,46.13,1.5,174.91,164.61,58.11,1.38,914.11,Yoga,24.2457857454488,2.01,2,1.04,20.5,2,1.04,287.13,114.97,76.58,1343,Baked Balanced Dinner,Dinner,Balanced,13.24,441.75,200.72,318.49,Baked,41.67,66.78,1.9,Windshield Wipers,5,21.06,Enhances full-body coordination and stability,347.18,Core,Bench or Sturdy Surface,Intermediate,Chest,Lower Chest,Decline dumbbell press,20.5022222222222,2297.62,0.499873782435738,2.49230435725125,0.911815068493151,0.941112572179978,428.89,34.9454190356245,958.2168,8.09611712227484E+019,Medium
38.86,Male,59.33,1.83,169.98,153.8,58.86,1.35,1296,Cardio,18.1747896383603,2.29,4.01,2,17.72,1.97,-0.01,217.06,86.76,57.94,1649,Grilled Balanced Lunch,Lunch,Balanced,2.64,263.17,199.28,429.08,Grilled,52.89,115.17,3.47,Push Ups,4.99,25.05,Builds lower body power,354.81,"Shoulders, Triceps",Step or Box,Intermediate,Back,Anterior,Triceps dips,17.7162650422527,1736.74,0.499925147114709,1.46232934434519,0.854391648668107,0.904812330862454,353,48.5468973075608,957.987,9.66932092091991E+019,High
49.35,Female,55.38,1.6,196.04,139.78,60.96,1.89,2696.46,HIIT,21.591266031899,2.68,4.98,2.97,21.63,4,-0.01,213.56,86.3,56.79,1699,Fried Low-Carb Dinner,Dinner,Low-Carb,42.26,602.73,263.63,397.83,Fried,39.45,14.65,4.76,Jumping Jacks,3.99,22.11,Improves shoulder mobility and posture,361.65,Triceps,Resistance Band or Cable Machine,Intermediate,Chest,Quads,Bent-over lateral raises,21.6328125,1710.55,0.499394931454795,1.55832430480318,0.583506070476755,0.71301775147929,-997.46,43.4227568715343,1367.037,1.13015329563054E+020,Very High
56.94,Male,122.07,1.88,165.08,134.27,57.88,1.12,986.5,Cardio,35,3.59,3.01,1.01,34.54,3.01,-0.02,195.87,80.39,52.4,3114,Raw Vegetarian Dinner,Dinner,Vegetarian,37.66,1396.75,242.17,117.66,Raw,13.18,79.28,4.71,Resistance Band Pull-Aparts,4.98,18.88,Isolates and strengthens triceps,365.17,"Lower Abs, Hip Flexors",None or Dumbbell,Intermediate,Back,Grip Strength,Face pulls,34.5376867360797,1576.64,0.496930180637305,0.658556565904809,0.71259328358209,0.813363217833778,2127.5,79.3455,817.9808,1.2232130475227E+020,Very High
32.99,Male,46.09,1.89,193.06,144.39,50.03,1.45,1044,Yoga,16.3910274320068,2.89,3.05,2,12.9,3.01,-0.01,177.94,72.16,47.8,1438,Baked Keto Dinner,Dinner,Keto,15.8,2266.65,31.52,371.69,Baked,46.16,84.35,3.71,Burpees,3.99,24.07,Builds back strength,339.06,"Upper Chest, Triceps",Resistance Band or Cable Machine,Intermediate,Abs,Grip Strength,Decline dumbbell flyes,12.9027742784357,1430.6,0.497525513770446,1.56563245823389,0.659721736698595,0.747902206567906,394,38.5353754565881,983.274,6.6730780480009E+019,Medium
50.06,Female,56.07,1.6,195.96,139.98,60.78,1.88,1467.53,Yoga,27.7652052107972,2.7,5.01,3.01,21.9,4.01,0.04,214.4,85.91,57.36,1735,Roasted Vegetarian Lunch,Lunch,Vegetarian,42.2,600.82,264.18,395.62,Roasted,39.33,14.45,4.78,Bulgarian Split Squats,4.01,21.99,Builds upper body strength,361.38,"Legs, Core",Kettlebell,Intermediate,Shoulders,Lower Chest,Plank,21.90234375,1717.48,0.499336236812074,1.53219190297842,0.585885486018642,0.714329454990814,267.47,40.502049438306,1358.7888,1.12327906500459E+020,Very High
40.98,Female,44.1,1.77,182.1,165.05,58.15,1.19,1175.96,Strength,15.0627449776675,1.62,3.02,1,14.08,1.99,-0.01,276.61,110.51,73.91,1179,Steamed Vegetarian Snack,Snack,Vegetarian,47.93,326.22,293.18,469.49,Steamed,15.84,80.22,1.8,Calf Raises,3,12.03,Strengthens back and legs,164.89,"Core, Shoulders, Legs",Cable Machine or Resistance Band,Intermediate,Abs,Triceps,Russian twists,14.0764148233266,2213.67,0.499821563286307,2.50589569160998,0.862444534086325,0.906370126304228,3.03999999999996,37.4573294648486,392.4382,1.86504470317396E+017,Low
38.96,Female,101.99,1.94,192.17,133.24,50.11,0.89,587.4,Yoga,27.1996707749343,2.39,3.01,1,27.1,3.01,-0.02,283.04,112.53,75.35,2700,Grilled Keto Lunch,Lunch,Keto,9.54,424.15,4.25,460.13,Grilled,30.87,104.51,1.88,Pull-ups,5.01,22.02,Improves balance and coordination,368.3,Quadriceps,Barbell,Beginner,Back,Lateral,Dumbbell front raises,27.099054097141,2260.43,0.500860455753994,1.10334346504559,0.585175278051528,0.693344434615185,2112.6,74.2490557766445,655.574,1.31154455648152E+020,Very High
31.94,Female,86.24,1.6,176.08,144.92,60.21,2,2851.2,HIIT,35,3.49,5.01,2.96,33.69,2.98,-0.02,198.91,80.41,53.44,2540,Raw Balanced Snack,Snack,Balanced,47.46,1262.71,90.97,185.94,Raw,50.01,84.5,2.17,Thrusters,4,21.92,Strengthens lower abs and hip flexors,343.36,"Chest, Triceps",Kettlebell,Beginner,Abs,Lower Chest,Plank,33.6875,1598.24,0.497822604865352,0.932397959183674,0.731077932165358,0.823034984098137,-311.2,56.056,1373.44,7.39655402295824E+019,Medium
22.09,Female,70.57,1.77,196.97,158.01,56.07,1.5,1317.6,Cardio,24.4170630176655,1.8,3,1,22.53,1.98,-0.01,244.54,96.75,65.33,2138,Steamed Vegan Breakfast,Breakfast,Vegan,7.04,808.16,245.44,203.32,Steamed,10.93,45.01,1.21,Push Ups,4,18.92,Improves posture and back strength,342.32,"Obliques, Core",Dumbbells or Barbell,Beginner,Abs,Middle,Incline cable crossovers,22.5254556481215,1953.13,0.500816637909407,1.37097916961882,0.723491838183109,0.802203381225567,820.4,53.3388786284334,1026.96,7.21554065520268E+019,Medium
30.51,Female,77.23,1.77,166.11,129.93,61.91,1.41,1016.89,Yoga,24.2018822785929,2.63,4.01,2.02,24.65,4,0.01,285.78,114.16,76.14,2151,Grilled Paleo Snack,Snack,Paleo,34.43,1223.94,250.63,358.08,Grilled,30.09,15.53,3.1,Flutter Kicks,5,14.94,Builds shoulder width,350.6,"Rear Deltoids, Upper Back",Resistance Band or Cable Machine,Intermediate,Forearms,Quads,Decline cable crossovers,24.6512815602158,2285.02,0.500266956087912,1.47818205360611,0.65278310940499,0.78219252302691,1134.11,58.5388863162427,988.692,8.77103505668852E+019,High
22.85,Female,86.85,1.91,163.79,129.08,58,1.88,1465.27,Yoga,25.2294823379181,3.49,4.97,2.99,23.81,1.99,0.03,201.34,81.19,54.3,2433,Raw Balanced Dinner,Dinner,Balanced,43.72,706.43,134.86,330.12,Raw,49.49,18.2,1.2,Plyometric Push-ups,4,24.01,Improves hip power and cardiovascular fitness,346.71,"Back, Core, Shoulders",Cable Machine,Advanced,Arms,Wrist Flexors,Seated calf raises,23.8069131876867,1618.82,0.49749817768498,0.934830166954519,0.671897154740524,0.788082300506747,967.73,64.9381945895182,1303.6296,8.00702554469447E+019,Medium
42.05,Male,57.48,1.57,166.99,122.14,52.26,1.83,1427.4,Yoga,25.1539298436917,2.7,4,3,23.32,3.01,-0.01,296.89,118.26,78.33,1683,Grilled Vegetarian Breakfast,Breakfast,Vegetarian,39.07,236.08,142.89,367.81,Grilled,25.25,64.08,1.53,Zottman Curls,4.99,16.19,Strengthens triceps and chest,331.38,"Triceps, Chest",Box or Platform,Advanced,Legs,Wrist Flexors,Hanging leg raises,23.3194044383139,2365.57,0.502018540985894,2.05741127348643,0.60908219297481,0.731421043176238,255.6,43.021521125846,1212.8508,5.53425607054123E+019,Low
52.8,Female,94.04,1.95,177.02,138.02,50.06,0.88,1065.77,HIIT,27.694372700593,3.5,3.01,1.01,24.73,2.99,0.05,163.19,65.19,42.98,2542,Steamed Paleo Lunch,Lunch,Paleo,49.63,1514.62,149.74,437.43,Steamed,54.15,44.71,4.46,Superman,4.01,18.97,Improves hip power and cardiovascular fitness,370.32,"Triceps, Chest",Barbell,Advanced,Arms,Anterior,Decline dumbbell press,24.7310979618672,1300.34,0.501991786763462,0.693215652913654,0.692816635160681,0.779685911196475,1476.23,67.9962119123623,651.7632,1.37147982926812E+020,Very High
28.6,Female,87.41,1.86,176.86,123.28,71.98,1.52,1579.58,Cardio,27.5030496957186,3.5,4.03,2.99,25.27,3.01,0,169.2,66.38,44.85,2358,Boiled Vegetarian Lunch,Lunch,Vegetarian,25.94,1694.41,100.43,454.45,Boiled,48.73,28.77,4.88,Superman,4.02,16.05,Builds shoulder width,363.34,"Back, Core, Shoulders",Barbell,Beginner,Back,Posterior,Incline dumbbell flyes,25.2659266967279,1345.97,0.502834387096295,0.759409678526484,0.489130434782609,0.697048512948094,778.42,63.3695842609724,1104.5536,1.17402615796941E+020,Very High
31.98,Female,84.22,1.74,194.87,127.31,63.1,1.45,1754.5,HIIT,28.970297857336,2.09,2.96,1,27.82,2.98,0,185.31,74.04,49.32,2329,Roasted Balanced Dinner,Dinner,Balanced,38.64,854.2,32.39,385,Roasted,17.85,16.36,2.88,Leg Press,4.01,18.97,Improves hip power and cardiovascular fitness,362.54,"Lower Abs, Hip Flexors",Kettlebell,Beginner,Abs,Triceps,Chest flyes,27.8174131325142,1481.28,0.500405055087492,0.87912609831394,0.487288457160203,0.653307333093858,574.5,59.8212151445516,1051.366,1.15307504860339E+020,Very High
28.28,Male,85.11,1.79,181.98,138.64,54.73,1.35,1777.54,HIIT,27.772721291058,2.31,4.01,1.97,26.56,1.98,-0.01,164.34,66.18,44.55,2321,Grilled Vegan Dinner,Dinner,Vegan,39.27,876.9,135.78,430.04,Grilled,40.48,17.16,1.52,Seated Rows,5,15.97,Strengthens lower body,347.86,"Quadriceps, Glutes",Bench or Sturdy Surface,Advanced,Back,Wrist Extensors,Dumbbell front raises,26.5628413595081,1323.03,0.496859481644407,0.777581952767008,0.659410609037328,0.761841960655017,543.46,61.4726369091805,939.222,8.22655583226764E+019,Medium
25.34,Male,40.94,1.67,185.72,138.49,71.33,1.02,733.79,Yoga,17.7195499646882,2.4,3.01,1.99,14.68,3,0.05,298.37,120.01,79.24,907,Fried Vegan Dinner,Dinner,Vegan,31.14,616.14,130.28,225.61,Fried,8.42,42.87,4.67,Box Jumps,5,21.9,Improves posture and back strength,362.78,"Core, Obliques",Bench or Step,Advanced,Shoulders,Triceps,Incline dumbbell press,14.6796227903474,2386.68,0.500058658890174,2.93136297020029,0.587114258239357,0.745692440232608,173.21,33.6856162444566,740.0712,1.15932563655652E+020,Very High
49.15,Male,60.97,1.87,180.17,130.61,61.04,1.15,826.62,Yoga,23.1312512908302,3,4,1.98,17.44,2,0.01,198.45,79.92,53.19,1590,Fried Paleo Dinner,Dinner,Paleo,25.78,401.78,33.72,353.14,Fried,19.09,88.51,2.4,Dips,4,24.95,Strengthens core and improves mobility,335.66,Quadriceps,Bench or Sturdy Surface,Intermediate,Back,Lats,Chest flyes,17.4354428207841,1592.19,0.498558589113108,1.31080859439068,0.583983883152858,0.724926458344897,763.38,46.8668760879808,772.018,6.14578615477609E+019,Low
43.27,Female,54.42,1.72,172.78,159.71,71.18,1.02,1348.64,HIIT,23.1616996686194,2.31,4.01,2.02,18.4,3,-0.01,242.42,96.76,64.39,1376,Fried Low-Carb Snack,Snack,Low-Carb,46.08,743.46,189.47,194.87,Fried,54.19,54.66,4.8,Frog Jumps,4.01,22,Improves cardiovascular fitness,328.57,"Quadriceps, Hamstrings, Glutes",Pull-up Bar,Beginner,Back,Lateral,Incline dumbbell press,18.395078420768,1936.23,0.500808271744576,1.77802278574054,0.871358267716536,0.924354670679477,27.3599999999999,41.8154030403373,670.2828,5.16243723114835E+019,Low
40.35,Male,56.65,1.78,198.35,153.41,56.91,1.78,2082.6,Strength,21.9198970702196,2.71,5.01,3,17.88,3,-0.03,220.66,88.1,58.41,1528,Steamed Keto Breakfast,Breakfast,Keto,28.95,241.88,252.22,173.25,Steamed,58.66,81.26,2.6,Push Ups,3.99,18.06,Builds chest strength,334.17,Triceps,Cable Machine,Advanced,Shoulders,Quads,Wrist curl,17.8796869082187,1760.73,0.501292077717765,1.55516328331862,0.682268099547511,0.773430804134106,-554.6,44.2323783097206,1189.6452,5.92648451214509E+019,Low
25.9,Female,74.05,1.66,177.01,124.8,71.78,0.91,799.34,Cardio,26.7825716914317,2.19,2.02,1,26.87,2.99,-0.01,206.93,82.15,54.78,2033,Grilled Balanced Dinner,Dinner,Balanced,8.68,1014.69,299.17,347.89,Grilled,56.91,61.57,1.17,Lunges,4,14.96,Improves unilateral leg strength and balance,334.7,"Core, Lower Back",Pull-up Bar,Advanced,Legs,Lats,Romanian deadlifts,26.8725504427348,1649.34,0.5018492245383,1.10938555030385,0.503848712344388,0.705044912716796,1233.66,54.2175056624948,609.154,6.00369058366954E+019,Low
50.94,Male,109.44,1.78,181.71,156.79,64.02,0.54,652.81,HIIT,35,3.3,3.01,1,34.54,2.99,0.02,180.09,71.87,48.24,2858,Baked Vegetarian Breakfast,Breakfast,Vegetarian,28.37,136.64,242.92,142.42,Baked,12.29,19.5,4.76,Push-ups,5,19.17,Improves coordination and cardiovascular health,345.38,"Lower Chest, Triceps",Wall,Advanced,Arms,Lower,Preacher curls,34.541093296301,1442,0.499556171983356,0.656706871345029,0.788257286090577,0.862858400748445,2205.19,71.136,373.0104,7.75956182750348E+019,Medium
45.73,Female,60.19,1.68,165.2,147.23,62.09,1.16,1253.84,Strength,24.3181199350221,2.51,3.99,2.01,21.33,1.99,0,249.6,100.12,66.47,1578,Roasted Vegetarian Breakfast,Breakfast,Vegetarian,16.31,1297.63,52.42,123.99,Roasted,28.74,35.96,1.08,Bear Crawls,4,23.01,Strengthens triceps and chest,350.59,Triceps,Kettlebell,Beginner,Abs,Wrist Extensors,Face pulls,21.3258219954649,1997.11,0.499922387850444,1.66339923575345,0.825720104742508,0.891222760290557,324.16,45.5529236111102,813.3688,8.76899176354985E+019,High
41.88,Male,48.48,1.5,173.32,130.67,63.14,1.15,1516.74,HIIT,17.8352827394875,1.49,3,1.99,21.55,3.02,-0.02,267.02,106.52,70.6,1233,Fried Balanced Dinner,Dinner,Balanced,11.31,2345.54,159.59,225.02,Fried,15.78,45.23,5,Push-ups,3.97,19.92,Improves core stability and upper body strength,365.62,Full Core,Dumbbells or Barbell,Intermediate,Forearms,Posterior,Incline dumbbell flyes,21.5466666666667,2129.56,0.501549615883093,2.19719471947195,0.612906153566891,0.75392337872144,-283.74,39.8334549278965,840.926,1.23558176789309E+020,Very High
38.85,Male,61.16,1.64,194.79,127.19,53.96,0.95,837.52,Cardio,23.124011311767,3.2,2.99,1.02,22.74,3.01,3.02,414.15,165.66,110.51,1680,Boiled Balanced Snack,Snack,Balanced,30.51,681.53,144.33,275.32,Boiled,5.08,38.09,3.41,Decline Push-ups,5.02,20.03,Targets obliques and improves core rotation,339.31,"Quadriceps, Hamstrings, Glutes",Parallel Bars or Chair,Intermediate,Shoulders,Wrist Flexors,Hanging leg raises,22.7394408090422,3313.83,0.499904943826328,2.70863309352518,0.51998863878435,0.652959597515273,842.48,47.0173546817233,644.689,6.71337127687526E+019,Medium
31.28,Male,63.39,1.8,165.81,156.46,65.88,0.59,518.26,Cardio,22.7012569022453,2.62,2.01,1,19.56,1.97,-0.04,232.13,92.6,61.58,1759,Grilled Balanced Snack,Snack,Balanced,15.47,189.38,144.59,131.16,Grilled,57.91,110.05,3.17,Reverse Lunges,4.01,22.22,Builds lower body power,340.94,"Quadriceps, Hamstrings, Glutes",Bench or Sturdy Surface,Advanced,Abs,Wrist Extensors,Pull-ups,19.5648148148148,1853.14,0.50105226804235,1.4607982331598,0.906434504152907,0.943610156202883,1240.74,48.9996732496667,402.3092,6.98135971585498E+019,Medium
46.98,Male,89.79,1.84,168.22,159.02,65.03,1.45,1914,HIIT,28.2329716310651,3.6,3.02,2,26.52,3.03,-0.01,306.48,123.27,82.46,2281,Fried Vegetarian Dinner,Dinner,Vegetarian,40.86,840.16,26.2,409.21,Fried,48.91,89.88,3.17,Lat Pulldowns,5,21,Builds unilateral leg strength,374,"Obliques, Core",Parallel Bars or Chair,Advanced,Shoulders,Wrist Flexors,Preacher curls,26.5211483931947,2461.14,0.4981106316585,1.37287003007016,0.910844074038182,0.945309713470455,367,64.4396147724667,1084.6,1.48687272281696E+020,Very High
37.43,Female,77.09,1.82,192.11,121.01,49.91,1.48,1598.4,Strength,24.7972415535123,2.79,3.99,2,23.27,3,0.01,191.14,76.53,50.57,2216,Baked Low-Carb Lunch,Lunch,Low-Carb,2.86,2401.85,109.64,332.16,Baked,39.68,60.98,2.4,Plyo Squats,3.98,18.88,Improves flexibility,344.29,Calves,Pull-up Bar,Beginner,Chest,Lower Chest,Hammer curl,23.2731554160126,1525.81,0.501084669781952,0.992735763393436,0.5,0.629899536723752,617.6,57.9738064863974,1019.0984,7.56178569987546E+019,Medium
20.03,Female,63.44,1.78,188.11,137.31,61.06,1.7,1766.64,Cardio,18.1156809601334,2.7,3.99,2.99,20.02,2,2.01,269.88,107.75,71.92,1791,Raw Vegan Lunch,Lunch,Vegan,12.9,1206.84,221.78,467.98,Raw,6.08,45.55,3.9,Jumping Jacks,4.98,17.87,Strengthens triceps and chest,363.88,"Chest, Triceps",Dumbbells,Beginner,Forearms,Middle,Barbell squats,20.0227244034844,2157.8,0.500287329687645,1.6984552332913,0.600157418339236,0.729945244803572,24.3599999999999,51.9474119988914,1237.192,1.18835639184867E+020,Very High
31.34,Female,64.91,1.62,186.17,128,63.14,0.58,573.16,Strength,27.0615888180913,3.4,1.99,1,24.73,2,1.99,244.39,97.94,65.11,1823,Raw Keto Breakfast,Breakfast,Keto,41.59,1906.18,42.41,220.77,Raw,42,86.21,2.81,Wall Angels,4,22.91,Builds back strength,345.25,"Quadriceps, Calves, Glutes",Barbell,Beginner,Back,Quads,Leg press,24.7332723670172,1955.31,0.499951414353734,1.50885841934987,0.527188490612046,0.687543642907021,1249.84,47.344322698177,400.49,7.73573782053277E+019,Medium
40.85,Male,78.49,1.72,172.15,132.31,61.92,1,961.6,Cardio,27.6235173694191,3.11,3.95,2.02,26.53,4,-0.02,274.63,109.21,72.76,2132,Boiled Low-Carb Lunch,Lunch,Low-Carb,35.47,956.06,199.91,398.59,Boiled,29.24,44.57,4.43,Prone Cobras,5,16.02,Targets upper chest,358.61,"Lower Chest, Triceps",Pull-up Bar,Intermediate,Arms,Lateral,Bent-over lateral raises,26.5312330989724,2190.2,0.501561501232764,1.39138743789018,0.638573890955275,0.768573918094685,1170.4,56.8083012167429,717.22,1.05484635269365E+020,High
24.14,Male,59.48,1.5,199.09,132.36,60.22,1.25,903,Yoga,29.6461528756739,1.99,3,2.04,26.44,4.01,3.01,350.52,140.32,93.13,1696,Fried Keto Dinner,Dinner,Keto,39.24,300.44,58.76,388.59,Fried,41.56,76.39,4.57,Tricep Dips,4.98,23.96,Advanced core exercise,368.36,"Upper Chest, Triceps",Barbell,Advanced,Legs,Quads,Pull-ups,26.4355555555556,2801.53,0.500469386371019,2.3591123066577,0.519478649096277,0.664824953538601,793,41.8464682695492,920.9,1.31329110974951E+020,Very High
42.82,Male,113.21,1.83,160.84,134.09,63.08,1.44,1557.79,Strength,31.8424347877515,2.91,4.01,2.02,33.81,3.03,0.01,285,114.94,76.89,2897,Grilled Low-Carb Lunch,Lunch,Low-Carb,26.08,2342.96,294.31,120.06,Grilled,22.55,103.99,1.19,Turkish Get-ups,2.99,10,Strengthens lower abs and hip flexors,154.53,"Lower Abs, Hip Flexors","Bench, Barbell",Advanced,Legs,Lats,Towel pull-up,33.8051300427006,2291.77,0.497432115788234,1.01528133557106,0.726370703764321,0.833685650335737,1339.21,77.1611795767865,445.0464,1.09969613241782E+017,Low
52.07,Female,71.11,1.58,180.39,163.54,67.16,1.03,741.6,Yoga,30.5545244937519,2.01,2.99,2,28.49,3.01,2.02,304.36,122.68,81.5,2075,Boiled Paleo Snack,Snack,Paleo,26.1,154.72,280.56,336.49,Boiled,42.99,20.86,4.52,Step-ups,4,15.9,Targets lower chest,352.76,Full Body,Barbell,Beginner,Arms,Wrist Flexors,Bicep Curls,28.4850184265342,2441.66,0.498611600304711,1.72521445647588,0.851187847743531,0.90659127446089,1333.4,49.382677632493,726.6856,9.22230680065212E+019,High
42.85,Female,65.91,1.83,177.98,136.52,58.92,1.12,1206.58,Strength,21.1523194201936,2.38,3.03,1.97,19.68,2.98,0.02,231.29,92.24,60.96,1722,Baked Keto Snack,Snack,Keto,39.15,278,126.74,450.14,Baked,20.45,104.88,4.31,Lateral Raises,4.99,21.09,Strengthens triceps and chest,341.72,"Upper Back, Rear Deltoids",Low Bar or TRX,Advanced,Chest,Wrist Extensors,Concentration curls,19.6810893129087,1842.76,0.502051270919708,1.39948414504628,0.651772215689568,0.767052477806495,515.42,51.9685062701504,765.4528,7.11288894287614E+019,Medium
23.13,Female,106.75,1.94,198.19,120.04,72.92,1.36,898.42,Yoga,30.7490329506289,2.9,2.01,1.01,28.36,3.02,-0.03,153.48,62.01,41.09,2658,Fried Vegan Snack,Snack,Vegan,0.98,707.04,285.67,298.05,Fried,17.16,116.51,1.7,Inverted Rows,4.99,14.87,Targets abdominal muscles,343.6,Shoulders,Dumbbells or Barbell,Intermediate,Back,Quads,Russian twists,28.3638006164311,1231.77,0.498404734650138,0.580889929742389,0.376147521353876,0.605681416822241,1759.58,73.9254073252037,934.592,7.43888805910313E+019,Medium
37.62,Male,76.51,1.58,199.21,129.7,52.96,0.74,734.6,Strength,30.4876106269513,2.3,2,1.03,30.65,3.97,0,203.59,82.56,54.51,1934,Fried Paleo Breakfast,Breakfast,Paleo,7.72,1851.38,284.17,189.3,Fried,29.07,14.54,0.99,Windshield Wipers,4.99,24,Strengthens back and improves posture,350.31,"Core, Shoulders, Legs",Cable Machine or Resistance Band,Advanced,Shoulders,Lats,Bent-over rows,30.6481333119692,1635.19,0.498021636629383,1.07907463076722,0.524717948717949,0.651071733346719,1199.4,53.1839291093195,518.4588,8.71194895750521E+019,High
36,Female,55.99,1.95,182.56,128.34,63.98,1.07,1152.71,Strength,15.6112422983885,3.4,3.98,1.97,14.72,3.01,-0.01,284.43,114.79,76.75,1595,Boiled Balanced Breakfast,Breakfast,Balanced,47.87,798.14,7.48,479.07,Boiled,45.39,100.23,2.19,Deadlift,5,24.08,Improves shoulder health and posture,345.52,"Triceps, Chest",None or Dumbbell,Beginner,Abs,Grip Strength,Hammer curl,14.724523339908,2287.63,0.497335670541128,2.05018753348812,0.542755945353348,0.703001752848379,442.29,47.2492654371323,739.4128,7.78529046541041E+019,Medium
52.06,Male,79.69,1.59,165.62,162.77,59.07,1.39,998.3,Yoga,30.3758300617151,1.5,3.01,1.97,31.52,2.99,0,253.55,101.05,68.07,2154,Roasted Keto Lunch,Lunch,Keto,13.1,1885.25,34.88,431.58,Roasted,42.4,23.94,1.99,Leg Raises,5.01,14.98,Targets lower chest,355.92,"Back, Biceps",Box or Platform,Intermediate,Abs,Posterior,Fat grip dumbbell curl,31.5216961354377,2031.03,0.499352545260287,1.26803864976785,0.973251994368841,0.982791933341384,1155.7,55.4835010238192,989.4576,9.91921141700048E+019,High
53.88,Female,69.62,1.52,180.05,138.62,64.86,0.76,666.98,Cardio,34.4606106068943,2.09,2.02,1,30.13,3.01,2.97,406.53,162.06,108.07,1773,Fried Balanced Breakfast,Breakfast,Balanced,41.91,119.79,118.55,411.4,Fried,4.96,105.96,4.11,Plyo Squats,5,20.94,Builds shoulder width,345.02,"Biceps, Forearms",Dumbbells or Barbell,Beginner,Shoulders,Lower Chest,Fat grip dumbbell curl,30.1333102493075,3246.99,0.500808441048479,2.32777937374318,0.64033336227103,0.769897250763677,1106.02,45.6285228954802,524.4304,7.69374493220859E+019,Medium
18.1,Male,64.87,1.55,184.23,160.96,58.98,1.41,1524.07,Strength,27.9918312613179,2.22,3,2.01,27,1.97,0.02,240.35,94.11,63.88,1837,Steamed Paleo Snack,Snack,Paleo,47.73,1959.19,167.6,309.07,Steamed,46.55,87.95,4.18,Renegade Rows,5.01,23,Builds unilateral leg strength and balance,358.45,Calves,Low Bar or TRX,Advanced,Abs,Triceps,Bird dog,27.0010405827263,1912.76,0.502624479809281,1.45074764914444,0.814211576846308,0.873690495576182,312.93,46.7116990607831,1010.829,1.05100790346258E+020,High
31.18,Female,61.1,1.76,188.38,149.74,67.18,1.81,2119.33,Strength,21.4676972876714,2.7,3.99,3.01,19.72,3.01,-0.01,185.71,73.74,49.11,1766,Boiled Low-Carb Dinner,Dinner,Low-Carb,17.4,836.34,154.04,315.08,Boiled,22.75,11.93,2.67,Deadlifts,5.02,15.04,Builds back strength,356.51,Core,Cable Machine or Resistance Band,Advanced,Arms,Wrist Extensors,Triceps pushdowns,19.7249483471074,1479.79,0.501990147250623,1.20687397708674,0.681188118811881,0.794882683936724,-353.33,47.9832369572328,1290.5662,1.00543296573959E+020,High
46.71,Female,49.81,1.69,177.6,146.82,64.16,1.48,1419.62,Cardio,21.4679776793491,1.68,2.99,1.99,17.44,2.02,-0.02,247.95,100.29,66.38,1489,Boiled Keto Breakfast,Breakfast,Keto,15.3,424.32,196.4,369.66,Boiled,45.97,55.3,2.66,Lat Pulldowns,4.99,24.25,Builds upper body strength,359.13,Shoulders,Dumbbells or Barbell,Beginner,Back,Lower,Military press,17.4398655509261,1990.38,0.498296807644771,2.01345111423409,0.728667136812412,0.826689189189189,69.3800000000001,39.1168003179162,1063.0248,1.06740644803187E+020,High
55.03,Male,117.69,1.72,162.91,167.89,66.89,0.76,667.58,Cardio,35,2.6,2.99,1,39.78,2.99,0.02,210.05,83.78,55.66,3159,Raw Low-Carb Dinner,Dinner,Low-Carb,8.17,871.86,94.69,132.46,Raw,18.74,48.2,1.31,Pull-ups,5,24.16,Targets biceps and forearms,345.59,"Quadriceps, Calves, Glutes",Step or Box,Advanced,Forearms,Posterior,Russian twists,39.7816387236344,1676.26,0.501234891961867,0.711870167388903,1.05186419495938,1.03056902584249,2491.42,76.4985,525.2968,7.79818284698307E+019,Medium
32.94,Male,58.21,1.67,175.27,124.06,54.93,0.91,801.53,Cardio,21.8438884923715,1.9,3,1.01,20.87,2.01,0,247.66,98.21,65.95,1647,Fried Low-Carb Lunch,Lunch,Low-Carb,43.06,2109.54,211.44,401.97,Fried,54.46,6.36,4.71,Rows,5,22.02,Improves coordination and cardiovascular health,360.7,"Quadriceps, Calves, Glutes",Dumbbells,Intermediate,Arms,Lower Chest,Seated cable rows,20.8720283982932,1977.03,0.501074844590117,1.68716715341007,0.574455708824996,0.707822217150682,845.47,45.4946725085905,656.474,1.10612857558786E+020,Very High
55.58,Male,90.55,1.61,162.83,168.02,51.16,1.39,999.97,Yoga,33.4186790623196,2.31,2.98,1.99,34.93,3.02,1,270.41,109.23,72,2494,Grilled Low-Carb Dinner,Dinner,Low-Carb,17.55,394.9,67.59,492.83,Grilled,32.68,81.46,2.31,Jumping Jacks,4,18.88,Improves core rotation strength,341.62,"Core, Shoulders, Legs",Wall,Intermediate,Abs,Quads,Bent-over lateral raises,34.9330658539408,2166.56,0.499243039657337,1.20629486471563,1.04647622459031,1.03187373334152,1494.03,60.2893861090696,949.7036,7.09590556545736E+019,Medium
30.84,Female,78.05,1.71,189.75,136.41,51.73,1.26,1661.81,HIIT,26.6524682510064,1.8,4,1.99,26.69,2.01,1.02,222.46,88.71,59.25,2178,Grilled Vegetarian Lunch,Lunch,Vegetarian,14.95,307.28,230.8,403.13,Grilled,59.19,71.95,1.82,Bulgarian Split Squats,4,24.01,Improves coordination and cardiovascular health,352.36,"Obliques, Core",Cable Machine,Beginner,Legs,Anterior,Cable crossovers,26.6919735987141,1777.93,0.500492145360054,1.13657911595131,0.613534270395595,0.718893280632411,516.19,57.2477485300895,887.9472,9.13723243929255E+019,High
22.86,Male,61.16,1.62,193.18,168.11,69.01,1.6,2289.76,HIIT,25.2110178268158,2.71,4.98,3.01,23.3,3,0.02,217.88,88.08,58.67,1685,Grilled Vegetarian Dinner,Dinner,Vegetarian,43.85,501.72,170.77,338.18,Grilled,43.05,55.42,2.61,Bicycle Crunches,5.01,23.05,Strengthens lower abs and hip flexors,352.03,"Core, Lower Back",Kettlebell,Intermediate,Back,Quads,Lateral raises,23.3043743331809,1751.87,0.497479835832568,1.44015696533682,0.798099379882419,0.870224660937985,-604.76,45.7409414971194,1126.496,9.06756557152094E+019,High
51.04,Female,57.42,1.77,176.85,122.8,72.23,1.08,1167.37,Strength,21.0527873894277,2.1,3.98,2.01,18.33,2,0.98,332.07,133.52,88.44,1531,Grilled Keto Dinner,Dinner,Keto,39.04,890.77,269.77,247.55,Grilled,57.86,113.42,2.03,Leg Raises,5.02,20.08,Improves back strength and posture,346.19,"Quadriceps, Calves, Glutes",Bench or Chair,Intermediate,Chest,Triceps,Romanian deadlifts,18.3280666475151,2658.32,0.499668963856872,2.32532218739115,0.483368380806729,0.694373763076053,363.63,45.3314894809906,747.7704,7.90946011373856E+019,Medium
57.54,Male,58.41,1.66,171.89,160.67,60.22,1.2,1188,Strength,27.7927889866669,2.91,1.98,1,21.2,3.02,0.03,247.29,98.54,66.07,1536,Roasted Vegan Dinner,Dinner,Vegan,20.97,2157.89,72.96,403.96,Roasted,41.27,110.72,1.19,Push-ups,4.02,18.94,Strengthens shoulders,335.5,"Glutes, Hamstrings, Core",Cable Machine,Intermediate,Chest,Lower,Cable crossovers,21.1968355349107,1977.95,0.500093531181274,1.68703989042972,0.899525387301872,0.934725696666473,348,42.1762319528879,805.2,6.12190051233401E+019,Low
51.83,Male,79.35,1.59,166.02,162.79,59.02,1.39,1498.7,Strength,30.2016259956748,1.51,3.02,1.98,31.39,3,0,250.15,100.95,67.23,2281,Raw Vegetarian Breakfast,Breakfast,Vegetarian,12.74,1869.45,33.98,432.32,Raw,42.3,22.76,2.01,Seated Rows,4.99,15.05,Combines lower body and upper body strength,355.27,"Quadriceps, Glutes",Box or Platform,Beginner,Forearms,Grip Strength,Concentration curls,31.3872077845022,2009.47,0.497942243477136,1.27221172022684,0.969813084112149,0.980544512709312,782.3,55.3850097724321,987.6506,9.77220031692132E+019,High
32.85,Female,113.45,1.99,168.86,125.21,58,1.39,1377.35,Strength,29.7322133701788,3.43,1.98,1.01,28.65,3,0.04,240.46,96.18,64.92,3027,Steamed Vegetarian Dinner,Dinner,Vegetarian,32.2,91.25,143,187.9,Steamed,33.34,87.35,3.67,Bicycle Crunches,5.01,24.98,Strengthens shoulders,355.65,"Shoulders, Triceps",Step or Box,Intermediate,Shoulders,Triceps,Barbell hip thrusts,28.6482664579177,1930.84,0.498145884692673,0.847774349933892,0.606260147934332,0.741501835840341,1649.65,79.7188039315322,988.707,9.85791119763968E+019,High
32,Male,65.17,1.62,185.72,128.38,62.89,0.58,701.16,HIIT,25.7787640150836,3.43,1.99,1,24.83,2,1.99,243.33,97.9,65.07,1972,Raw Low-Carb Lunch,Lunch,Low-Carb,41.52,1914.76,39.83,225.05,Raw,42.15,87.75,2.78,Scissors Kicks,4,23,Improves posture and strengthens upper back,345.31,"Legs, Core",None or Dumbbells,Beginner,Back,Posterior,Barbell rows,24.8323426306965,1950.55,0.498997718592192,1.50222495013043,0.533175934218025,0.691255653672195,1270.84,48.36997949137,400.5596,7.7467255243988E+019,Medium
19.91,Female,72.71,1.73,198.88,159.87,68.01,1.26,1211.62,Cardio,27.0039309777538,2.5,3.01,2.02,24.29,2.02,-0.03,195.21,77.12,51.52,1842,Fried Keto Breakfast,Breakfast,Keto,46.07,1522.27,287.4,265.04,Fried,11.98,58.32,2.5,Push Ups,5,24.97,Advanced core exercise,333.39,"Upper Back, Rear Deltoids",Step or Box,Advanced,Forearms,Lats,Leg extensions,24.2941628520833,1553,0.502794591113973,1.0606519048274,0.701917933827462,0.803851568785197,630.38,53.0754417860752,840.1428,5.81444589471897E+019,Low
27.7,Female,61.94,1.6,178.11,129.14,62.3,1.1,1188,Strength,27.6434746086372,1.72,2.99,2,24.2,1.99,-0.01,239.47,95.14,63.9,1855,Roasted Balanced Breakfast,Breakfast,Balanced,42.13,1870.75,198.81,152.55,Roasted,59.18,90.53,4.68,Leg Press,4.01,17.07,Strengthens triceps and chest,354.57,Core,None or Dumbbells,Intermediate,Abs,Anterior,Decline dumbbell flyes,24.1953125,1913.54,0.500580076716452,1.53600258314498,0.577152232104309,0.725057548705856,667,44.8176318274101,780.054,9.61602315506238E+019,High
27.16,Male,80.89,1.61,170.09,165.88,52.07,1.75,1822.8,Cardio,30.8580908296036,3.49,3.98,3.02,31.21,2.01,0,198.98,79.02,52.78,2231,Baked Vegetarian Snack,Snack,Vegetarian,39.98,1472.89,1.38,386.26,Baked,46.68,86.08,4.76,Tricep Dips,5,25.02,Improves shoulder health and posture,343.42,"Lower Abs, Hip Flexors",Bench or Chair,Advanced,Back,Wrist Extensors,Hammer curls,31.2063577794067,1587.02,0.501518569394211,0.976882185684262,0.964328079986443,0.97524839790699,408.2,55.9288903279337,1201.97,7.4071176535532E+019,Medium
31.27,Male,49.13,1.51,195.03,131.15,59.84,1.49,1313.58,Cardio,21.3338016899487,2.03,2,1.02,21.55,3.02,-0.03,229.07,91.66,60.72,1263,Raw Vegetarian Lunch,Lunch,Vegetarian,40.74,1992.51,270.4,200.48,Raw,21.88,73.54,3.71,Step-ups,3.01,11.94,Builds lower body power,164.33,"Biceps, Forearms",Step or Box,Advanced,Shoulders,Anterior,Seated cable rows,21.5473005569931,1829.4,0.500863671149011,1.86566252798697,0.527479843183668,0.672460647079937,-50.5799999999999,38.6487032297282,489.7034,1.81409247124248E+017,Low
34.07,Male,52.31,1.78,171.2,129.75,53.01,1.38,1491.64,Strength,19.2627493909539,2.71,3.99,2.01,16.51,2,-0.02,212.45,84.39,56.46,1326,Roasted Paleo Lunch,Lunch,Paleo,13.47,721.1,2.16,185.01,Roasted,9.11,113.25,3.91,Step-ups,4.01,20.93,Improves core stability and upper body strength,359.87,"Chest, Triceps, Shoulders",Wall,Beginner,Back,Wrist Flexors,Romanian deadlifts,16.5099103648529,1695.5,0.501209082866411,1.61326706174728,0.649293510449277,0.757885514018692,-165.64,42.233655793592,993.2412,1.0855067578204E+020,High
25.77,Female,61.86,1.61,198.01,139.24,58.07,1.88,2197.91,Strength,23.7343553973777,2.69,3.97,2.99,23.86,3.01,1.04,314.24,126.87,84.22,1826,Grilled Vegetarian Snack,Snack,Vegetarian,37.52,2515.16,10.4,126.46,Grilled,18.25,22.33,5.02,Dips,4,23.92,Improves flexibility,353.45,"Quadriceps, Hamstrings, Glutes",None or Dumbbells,Beginner,Arms,Quads,Incline dumbbell flyes,23.8648200300914,2522.42,0.498315110092689,2.05092143549952,0.580034300414464,0.703196808242008,-371.91,47.1779277511821,1328.972,9.37069541692629E+019,High
33,Female,81.56,1.99,184.21,136.99,51.02,1.59,1239.25,Yoga,21.9437585814627,3.5,4.01,2.99,20.6,2.01,0,194.13,78.72,51.17,2356,Raw Vegan Dinner,Dinner,Vegan,24.22,1199.7,42.79,373.69,Raw,39.33,52.32,1.9,Kettlebell Swings,5.01,14.89,Improves balance and leg strength,339.48,"Glutes, Hamstrings, Core",Resistance Band or Cable Machine,Advanced,Arms,Wrist Extensors,Barbell curls,20.5954395091033,1551.93,0.500357619222516,0.965179009318293,0.645468879044973,0.743662124748928,1116.75,63.662670500959,1079.5464,6.74089253016224E+019,Medium
34.33,Female,75.22,1.94,181.3,141.03,71.94,1.18,1274.4,Strength,23.4797095715963,2.39,4.01,2,19.99,2.99,4.04,401.27,161.08,107.66,2169,Roasted Vegan Breakfast,Breakfast,Vegan,37.42,2303.98,184.66,288.51,Roasted,46.71,116.98,1.51,Flutter Kicks,4.01,25.06,Improves unilateral leg strength and balance,348.62,"Core, Lower Back",None or Dumbbell,Advanced,Arms,Lower,Face pulls,19.9861834413859,3218.34,0.498729158510288,2.1414517415581,0.63176664228237,0.777881963596249,894.6,57.5585624602452,822.7432,8.37452037027298E+019,High
21.02,Female,88.76,1.6,198.47,121.11,66.93,1.71,2003.78,Strength,34.9899429639594,3.52,3.99,3.02,34.67,3.01,0.02,299.23,119,80.25,2427,Fried Balanced Lunch,Lunch,Balanced,11.65,2160.93,206.18,408.57,Fried,51.14,108.52,2.31,Tricep Dips,3.99,18.93,Improves unilateral leg strength and balance,333.22,"Lower Chest, Triceps",Cable Machine,Beginner,Chest,Upper,Bicycle crunches,34.671875,2395.17,0.499722357911965,1.34069400630915,0.411889919416147,0.610218168992795,423.22,57.7029266251896,1139.6124,5.79027552654205E+019,Low
43.14,Male,96.15,1.77,197.92,151.14,49.95,1.08,1306.8,HIIT,31.1054236702664,3.41,3,1,30.69,3.04,-0.01,206.59,82.25,55.03,2576,Steamed Balanced Breakfast,Breakfast,Balanced,48.31,1620.24,114.12,497.19,Steamed,30.02,36.19,2,Seated Rows,5.01,22.04,Builds chest strength,369.93,"Shoulders, Triceps",Bench or Step,Beginner,Shoulders,Lateral,Dumbbell flyes,30.6904146318108,1650.63,0.500633091607447,0.855434217368695,0.683854835439616,0.763641875505255,1269.2,66.2421351410389,799.0488,1.35972438506946E+020,Very High
31.73,Female,107.82,1.8,171.66,138.28,53.18,1.27,1538.1,HIIT,34.9088515306169,3.49,3,1.01,33.28,4,3.98,395.09,158.33,105.43,3044,Raw Keto Snack,Snack,Keto,48.42,1562.9,236.03,395.79,Raw,44.26,47.7,3.8,Plyometric Push-ups,3,19.98,Targets upper chest,189.95,"Upper Back, Rear Deltoids",Dumbbells,Intermediate,Shoulders,Grip Strength,Cable crossovers,33.2777777777778,3162.55,0.499710676511043,1.46846596178817,0.718264686022958,0.805545846440639,1505.9,70.1812762796889,482.473,5.9046830021125E+017,Low
22.14,Male,106.95,1.82,169.93,129.94,49.91,1,718.8,Yoga,29.6422116825297,2.3,3.98,1.98,32.29,2.01,0,205.6,82.34,55.34,2915,Steamed Low-Carb Lunch,Lunch,Low-Carb,3.92,2394.63,6.4,406.86,Steamed,38.6,101.78,2.31,Incline Push-ups,4,16.04,Builds lower body power and endurance,372.45,Triceps,Dumbbells,Beginner,Legs,Quads,Fat grip dumbbell curl,32.2877671778771,1649.82,0.498478621910269,0.76989247311828,0.666805532411265,0.764667804390043,2196.2,75.2476546055345,744.9,1.43727067079177E+020,Very High
52.33,Male,68.5,1.63,178.95,148.31,67.26,1.17,1159.35,Strength,29.494244446874,2.39,3.02,1.01,25.78,1.98,0.01,229.57,91.55,61.65,1906,Roasted Keto Breakfast,Breakfast,Keto,32.36,2394.24,15.54,298.56,Roasted,22.72,52.6,1.62,Inverted Rows,4.01,14.85,Builds explosive power,340.72,"Triceps, Chest",Bench or Chair,Intermediate,Chest,Lower,Bicep Curls,25.7819263050924,1839.33,0.499247008421545,1.33649635036496,0.725669263139046,0.828778988544286,746.65,48.2964425538914,797.2848,6.9446499745714E+019,Medium
54.23,Female,55.5,1.71,163.93,152.05,67.07,0.79,954.16,HIIT,22.2539395951269,2.79,2.01,1,18.98,2,1.01,285.06,115.3,76.39,1314,Grilled Balanced Breakfast,Breakfast,Balanced,42.1,2084.33,284.83,170.68,Grilled,38.97,106.31,4.74,Bird Dogs,3.98,15.02,Builds back strength,351.46,"Biceps, Forearms",Box or Platform,Beginner,Chest,Triceps,Close-grip bench press,18.9801990356007,2288.95,0.498149806679919,2.07747747747748,0.877348750774314,0.927530043311169,359.84,43.1490635247046,555.3068,8.94832976097354E+019,High
21.81,Male,96.58,1.63,180.43,161.92,62,1.35,1777.54,HIIT,35,2.42,4,1.97,36.35,2.99,0.02,272.63,109.19,72.14,2662,Fried Vegetarian Snack,Snack,Vegetarian,18.05,69.13,178.81,215.3,Fried,44.45,84.63,4.37,Shoulder Press,4.01,24.08,Strengthens shoulders,352.44,"Lower Abs, Hip Flexors",Resistance Band or Cable Machine,Advanced,Forearms,Lateral,Wrist curl,36.3506341977493,2176.54,0.501033750815515,1.13056533443777,0.843705142278139,0.897411738624397,884.46,62.777,951.588,9.15419197512597E+019,High
31.05,Male,57.37,1.56,161.49,123.8,49.91,1.8,1404,Yoga,23.4487649134184,2.7,4.99,3,23.57,3,0.02,311.39,123.74,82.62,1594,Raw Low-Carb Breakfast,Breakfast,Low-Carb,44.3,1599.44,204.53,502.02,Raw,13.81,117.58,2.63,Deadlifts,4.99,22.93,Improves core rotation strength,357.41,"Quadriceps, Calves, Glutes",Dumbbells,Advanced,Abs,Lateral,Pull-ups,23.5741288625904,2484.1,0.501412986594743,2.15687641624542,0.662215450797634,0.766610935661651,190,43.9174435691719,1286.676,1.02635551002243E+020,High
41.22,Female,82.03,1.87,167.07,127.88,58.94,1.86,2172.85,Strength,23.2791594956818,3.53,5.02,2.98,23.46,2.98,0,315.65,125.82,83.77,2130,Fried Vegan Lunch,Lunch,Vegan,38.64,1224.27,155.93,405.96,Fried,60.05,49.7,1.2,Bulgarian Split Squats,5.01,19,Targets lower abs,344.37,"Lower Back, Glutes",Step or Box,Advanced,Chest,Upper,Cable crossovers,23.4579198718865,2519.81,0.50106952508324,1.53382908691942,0.637565892906686,0.765427665050578,-42.8499999999999,62.9341054656923,1281.0564,7.5761493660726E+019,Medium
40.66,Male,82.14,1.66,176.91,138.95,74.02,1.97,2304.9,Strength,29.3014040177354,3.49,4.99,3,29.81,4.01,2.02,267.04,106.02,70.61,2330,Baked Vegan Snack,Snack,Vegan,45.28,630.31,84.14,212.8,Baked,28.6,4.63,3.05,Deadlift,3.99,15.09,Strengthens lower body,346.84,"Obliques, Core",Resistance Band or Cable Machine,Intermediate,Abs,Grip Strength,Hyperextensions,29.808390187255,2127.73,0.502018583184897,1.29072315558802,0.631062299543201,0.785427618563111,25.0999999999999,58.0718267398321,1366.5496,8.03158136337777E+019,Medium
